condition,condition_id,family,noise_id,noise_label,pos_std_mm,ori_std_deg,task,skill_state,skill_type,reached_count,completed_count,skill_success_rate,track_pos_cm,track_ori_deg,track_total,tracking_count,tracking_complete,tracking_source,tracking_rollouts_per_task,tracking_unavailable_reason
rgbd+GP,gp,point,n0,0mm,0.0,0.0,one_leg,leg-top-insert,insert,32,32,1.0,0.5188585740863205,,,7,True,saved_rollouts_8,8,
rgbd+GP,gp,point,shuffle,shuffled-guidance,0.0,0.0,one_leg,leg-top-insert,insert,35,30,0.8571428571428571,17.802822381577172,,,35,False,full_evaluator_36_pre_workspace_filter,36,workspace filtering unavailable
rgbd+GP,gp,point,n0,0mm,0.0,0.0,one_leg,leg-top-pick,pick,35,35,1.0,1.0469344428878247,,,8,True,saved_rollouts_8,8,
rgbd+GP,gp,point,shuffle,shuffled-guidance,0.0,0.0,one_leg,leg-top-pick,pick,35,35,1.0,22.9152494630236,,,35,False,full_evaluator_36_pre_workspace_filter,36,workspace filtering unavailable
rgbd+GP,gp,point,n0,0mm,0.0,0.0,one_leg,leg-top-place,place,35,32,0.9142857142857143,1.0201672215910842,,,8,True,saved_rollouts_8,8,
rgbd+GP,gp,point,shuffle,shuffled-guidance,0.0,0.0,one_leg,leg-top-place,place,35,35,1.0,16.091986655240635,,,35,False,full_evaluator_36_pre_workspace_filter,36,workspace filtering unavailable
rgbd+GP,gp,point,n0,0mm,0.0,0.0,one_leg,leg-top-screw,screw,32,32,1.0,2.079451476635548,,,2,True,saved_rollouts_8,8,
rgbd+GP,gp,point,shuffle,shuffled-guidance,0.0,0.0,one_leg,leg-top-screw,screw,30,29,0.9666666666666667,45.22477364039943,,,30,False,full_evaluator_36_pre_workspace_filter,36,workspace filtering unavailable
rgbd+GP,gp,point,n0,0mm,0.0,0.0,one_leg,top-leg-pick,pick,36,36,1.0,2.2050030711621638,,,8,True,saved_rollouts_8,8,
rgbd+GP,gp,point,shuffle,shuffled-guidance,0.0,0.0,one_leg,top-leg-pick,pick,36,35,0.9722222222222222,23.053775929670106,,,36,False,full_evaluator_36_pre_workspace_filter,36,workspace filtering unavailable
rgbd+GP,gp,point,n0,0mm,0.0,0.0,one_leg,top-leg-push,push,36,35,0.9722222222222222,3.074146731006286,,,8,True,saved_rollouts_8,8,
rgbd+GP,gp,point,shuffle,shuffled-guidance,0.0,0.0,one_leg,top-leg-push,push,35,35,1.0,11.556409611415638,,,35,False,full_evaluator_36_pre_workspace_filter,36,workspace filtering unavailable
rgbd+GP,gp,point,n0,0mm,0.0,0.0,round_table,base-leg-insert,insert,11,11,1.0,2.8900120209059006,,,3,True,saved_rollouts_8,8,
rgbd+GP,gp,point,shuffle,shuffled-guidance,0.0,0.0,round_table,base-leg-insert,insert,21,19,0.9047619047619048,4.492006577436925,,,21,False,full_evaluator_36_pre_workspace_filter,36,workspace filtering unavailable
rgbd+GP,gp,point,n0,0mm,0.0,0.0,round_table,base-leg-pick,pick,14,13,0.9285714285714286,5.350993355754452,,,7,True,saved_rollouts_8,8,
rgbd+GP,gp,point,shuffle,shuffled-guidance,0.0,0.0,round_table,base-leg-pick,pick,21,21,1.0,27.29332216620861,,,21,False,full_evaluator_36_pre_workspace_filter,36,workspace filtering unavailable
rgbd+GP,gp,point,n0,0mm,0.0,0.0,round_table,base-leg-place,place,13,11,0.8461538461538461,5.558167875734495,,,5,True,saved_rollouts_8,8,
rgbd+GP,gp,point,shuffle,shuffled-guidance,0.0,0.0,round_table,base-leg-place,place,21,21,1.0,4.294713940180776,,,21,False,full_evaluator_36_pre_workspace_filter,36,workspace filtering unavailable
rgbd+GP,gp,point,n0,0mm,0.0,0.0,round_table,base-leg-screw,screw,11,10,0.9090909090909091,1.8483594414769526,,,1,True,saved_rollouts_8,8,
rgbd+GP,gp,point,shuffle,shuffled-guidance,0.0,0.0,round_table,base-leg-screw,screw,19,15,0.7894736842105263,21.101727740632985,,,19,False,full_evaluator_36_pre_workspace_filter,36,workspace filtering unavailable
rgbd+GP,gp,point,n0,0mm,0.0,0.0,round_table,leg-top-insert,insert,27,26,0.9629629629629629,0.5413675088380934,,,7,True,saved_rollouts_8,8,
rgbd+GP,gp,point,shuffle,shuffled-guidance,0.0,0.0,round_table,leg-top-insert,insert,29,28,0.9655172413793104,3.647598698172931,,,29,False,full_evaluator_36_pre_workspace_filter,36,workspace filtering unavailable
rgbd+GP,gp,point,n0,0mm,0.0,0.0,round_table,leg-top-pick,pick,36,33,0.9166666666666666,1.9847369008503621,,,8,True,saved_rollouts_8,8,
rgbd+GP,gp,point,shuffle,shuffled-guidance,0.0,0.0,round_table,leg-top-pick,pick,36,30,0.8333333333333334,24.379703279838395,,,36,False,full_evaluator_36_pre_workspace_filter,36,workspace filtering unavailable
rgbd+GP,gp,point,n0,0mm,0.0,0.0,round_table,leg-top-place,place,33,27,0.8181818181818182,0.9447748209041879,,,7,True,saved_rollouts_8,8,
rgbd+GP,gp,point,shuffle,shuffled-guidance,0.0,0.0,round_table,leg-top-place,place,30,29,0.9666666666666667,2.6910146170270433,,,30,False,full_evaluator_36_pre_workspace_filter,36,workspace filtering unavailable
rgbd+GP,gp,point,n0,0mm,0.0,0.0,round_table,leg-top-screw,screw,26,14,0.5384615384615384,2.4587896729245386,,,7,True,saved_rollouts_8,8,
rgbd+GP,gp,point,shuffle,shuffled-guidance,0.0,0.0,round_table,leg-top-screw,screw,27,20,0.7407407407407407,4.978174155699062,,,27,False,full_evaluator_36_pre_workspace_filter,36,workspace filtering unavailable
rgbd+GP,gp,point,n0,0mm,0.0,0.0,round_table,top-leg-push,push,36,36,1.0,7.123258666895394,,,8,True,saved_rollouts_8,8,
rgbd+GP,gp,point,shuffle,shuffled-guidance,0.0,0.0,round_table,top-leg-push,push,36,36,1.0,11.496536302144422,,,36,False,full_evaluator_36_pre_workspace_filter,36,workspace filtering unavailable
rgbd+GP,gp,point,n0,0mm,0.0,0.0,lamp,base-bulb-push,push,36,36,1.0,8.168889911894189,,,8,True,saved_rollouts_8,8,
rgbd+GP,gp,point,shuffle,shuffled-guidance,0.0,0.0,lamp,base-bulb-push,push,36,36,1.0,13.012284922651121,,,36,False,full_evaluator_36_pre_workspace_filter,36,workspace filtering unavailable
rgbd+GP,gp,point,n0,0mm,0.0,0.0,lamp,bulb-base-insert,insert,25,25,1.0,1.5525651647789633,,,4,True,saved_rollouts_8,8,
rgbd+GP,gp,point,shuffle,shuffled-guidance,0.0,0.0,lamp,bulb-base-insert,insert,19,19,1.0,11.634950285210392,,,19,False,full_evaluator_36_pre_workspace_filter,36,workspace filtering unavailable
rgbd+GP,gp,point,n0,0mm,0.0,0.0,lamp,bulb-base-pick,pick,36,35,0.9722222222222222,5.17103202499163,,,8,True,saved_rollouts_8,8,
rgbd+GP,gp,point,shuffle,shuffled-guidance,0.0,0.0,lamp,bulb-base-pick,pick,36,34,0.9444444444444444,16.456037309267707,,,36,False,full_evaluator_36_pre_workspace_filter,36,workspace filtering unavailable
rgbd+GP,gp,point,n0,0mm,0.0,0.0,lamp,bulb-base-place,place,35,25,0.7142857142857143,4.5602684148747965,,,6,True,saved_rollouts_8,8,
rgbd+GP,gp,point,shuffle,shuffled-guidance,0.0,0.0,lamp,bulb-base-place,place,34,19,0.5588235294117647,6.927295893469165,,,34,False,full_evaluator_36_pre_workspace_filter,36,workspace filtering unavailable
rgbd+GP,gp,point,n0,0mm,0.0,0.0,lamp,bulb-base-screw,screw,25,15,0.6,21.361084368369955,,,2,True,saved_rollouts_8,8,
rgbd+GP,gp,point,shuffle,shuffled-guidance,0.0,0.0,lamp,bulb-base-screw,screw,19,11,0.5789473684210527,26.022547659796448,,,19,False,full_evaluator_36_pre_workspace_filter,36,workspace filtering unavailable
rgbd+GP,gp,point,n0,0mm,0.0,0.0,lamp,hood-base-pick,pick,9,9,1.0,,,,0,True,saved_rollouts_8,8,
rgbd+GP,gp,point,shuffle,shuffled-guidance,0.0,0.0,lamp,hood-base-pick,pick,7,7,1.0,22.517565534122628,,,7,False,full_evaluator_36_pre_workspace_filter,36,workspace filtering unavailable
rgbd+GP,gp,point,n0,0mm,0.0,0.0,lamp,hood-base-place,place,9,9,1.0,,,,0,True,saved_rollouts_8,8,
rgbd+GP,gp,point,shuffle,shuffled-guidance,0.0,0.0,lamp,hood-base-place,place,6,6,1.0,59.2039579193101,,,6,False,full_evaluator_36_pre_workspace_filter,36,workspace filtering unavailable
rgbd+GP,gp,point,n1,3mm,3.0,0.0,one_leg,leg-top-insert,insert,35,35,1.0,0.872076131304538,,,7,True,saved_rollouts_8,8,
rgbd+GP,gp,point,n1,3mm,3.0,0.0,one_leg,leg-top-pick,pick,35,35,1.0,0.967070982512491,,,7,True,saved_rollouts_8,8,
rgbd+GP,gp,point,n1,3mm,3.0,0.0,one_leg,leg-top-place,place,35,35,1.0,1.0218400397973484,,,7,True,saved_rollouts_8,8,
rgbd+GP,gp,point,n1,3mm,3.0,0.0,one_leg,leg-top-screw,screw,35,35,1.0,2.0681985717684204,,,2,True,saved_rollouts_8,8,
rgbd+GP,gp,point,n1,3mm,3.0,0.0,one_leg,top-leg-pick,pick,36,36,1.0,2.013604577870344,,,8,True,saved_rollouts_8,8,
rgbd+GP,gp,point,n1,3mm,3.0,0.0,one_leg,top-leg-push,push,36,35,0.9722222222222222,5.298340555412744,,,8,True,saved_rollouts_8,8,
rgbd+GP,gp,point,n1,3mm,3.0,0.0,round_table,base-leg-insert,insert,14,14,1.0,2.873319519161752,,,5,True,saved_rollouts_8,8,
rgbd+GP,gp,point,n1,3mm,3.0,0.0,round_table,base-leg-pick,pick,17,15,0.8823529411764706,0.9378313605773089,,,6,True,saved_rollouts_8,8,
rgbd+GP,gp,point,n1,3mm,3.0,0.0,round_table,base-leg-place,place,15,14,0.9333333333333333,4.1490850638918815,,,5,True,saved_rollouts_8,8,
rgbd+GP,gp,point,n1,3mm,3.0,0.0,round_table,base-leg-screw,screw,14,12,0.8571428571428571,1.6574415476079196,,,1,True,saved_rollouts_8,8,
rgbd+GP,gp,point,n1,3mm,3.0,0.0,round_table,leg-top-insert,insert,25,25,1.0,0.7099453165102442,,,6,True,saved_rollouts_8,8,
rgbd+GP,gp,point,n1,3mm,3.0,0.0,round_table,leg-top-pick,pick,36,31,0.8611111111111112,2.331084089705654,,,8,True,saved_rollouts_8,8,
rgbd+GP,gp,point,n1,3mm,3.0,0.0,round_table,leg-top-place,place,31,25,0.8064516129032258,1.6701966867714406,,,7,True,saved_rollouts_8,8,
rgbd+GP,gp,point,n1,3mm,3.0,0.0,round_table,leg-top-screw,screw,25,17,0.68,2.343161460495078,,,6,True,saved_rollouts_8,8,
rgbd+GP,gp,point,n1,3mm,3.0,0.0,round_table,top-leg-push,push,36,36,1.0,7.146016242394117,,,7,True,saved_rollouts_8,8,
rgbd+GP,gp,point,n1,3mm,3.0,0.0,lamp,base-bulb-push,push,36,35,0.9722222222222222,9.345313293088841,,,8,True,saved_rollouts_8,8,
rgbd+GP,gp,point,n1,3mm,3.0,0.0,lamp,bulb-base-insert,insert,24,24,1.0,1.58959279120136,,,5,True,saved_rollouts_8,8,
rgbd+GP,gp,point,n1,3mm,3.0,0.0,lamp,bulb-base-pick,pick,35,35,1.0,1.9406268902638129,,,7,True,saved_rollouts_8,8,
rgbd+GP,gp,point,n1,3mm,3.0,0.0,lamp,bulb-base-place,place,35,24,0.6857142857142857,2.729721634055336,,,7,True,saved_rollouts_8,8,
rgbd+GP,gp,point,n1,3mm,3.0,0.0,lamp,bulb-base-screw,screw,24,12,0.5,17.922134561035197,,,4,True,saved_rollouts_8,8,
rgbd+GP,gp,point,n1,3mm,3.0,0.0,lamp,hood-base-pick,pick,9,8,0.8888888888888888,3.7256623120587564,,,1,True,saved_rollouts_8,8,
rgbd+GP,gp,point,n1,3mm,3.0,0.0,lamp,hood-base-place,place,8,8,1.0,,,,0,True,saved_rollouts_8,8,
rgbd+GP,gp,point,n2,6mm,6.0,0.0,one_leg,leg-top-insert,insert,32,29,0.90625,1.0831469999809777,,,8,True,saved_rollouts_8,8,
rgbd+GP,gp,point,n2,6mm,6.0,0.0,one_leg,leg-top-pick,pick,33,33,1.0,1.3058603759830831,,,8,True,saved_rollouts_8,8,
rgbd+GP,gp,point,n2,6mm,6.0,0.0,one_leg,leg-top-place,place,33,32,0.9696969696969697,1.4622677269897366,,,8,True,saved_rollouts_8,8,
rgbd+GP,gp,point,n2,6mm,6.0,0.0,one_leg,leg-top-screw,screw,29,29,1.0,2.388170590203678,,,3,True,saved_rollouts_8,8,
rgbd+GP,gp,point,n2,6mm,6.0,0.0,one_leg,top-leg-pick,pick,36,36,1.0,1.6169057285058919,,,8,True,saved_rollouts_8,8,
rgbd+GP,gp,point,n2,6mm,6.0,0.0,one_leg,top-leg-push,push,36,33,0.9166666666666666,3.261936123678881,,,8,True,saved_rollouts_8,8,
rgbd+GP,gp,point,n2,6mm,6.0,0.0,round_table,base-leg-insert,insert,15,15,1.0,3.024236835724094,,,4,True,saved_rollouts_8,8,
rgbd+GP,gp,point,n2,6mm,6.0,0.0,round_table,base-leg-pick,pick,19,16,0.8421052631578947,5.893491318902267,,,7,True,saved_rollouts_8,8,
rgbd+GP,gp,point,n2,6mm,6.0,0.0,round_table,base-leg-place,place,16,15,0.9375,2.903249953475897,,,5,True,saved_rollouts_8,8,
rgbd+GP,gp,point,n2,6mm,6.0,0.0,round_table,base-leg-screw,screw,15,11,0.7333333333333333,1.893558026825665,,,2,True,saved_rollouts_8,8,
rgbd+GP,gp,point,n2,6mm,6.0,0.0,round_table,leg-top-insert,insert,28,28,1.0,0.8916054010285678,,,7,True,saved_rollouts_8,8,
rgbd+GP,gp,point,n2,6mm,6.0,0.0,round_table,leg-top-pick,pick,36,31,0.8611111111111112,3.0195664991708013,,,8,True,saved_rollouts_8,8,
rgbd+GP,gp,point,n2,6mm,6.0,0.0,round_table,leg-top-place,place,31,28,0.9032258064516129,1.5261220670959108,,,7,True,saved_rollouts_8,8,
rgbd+GP,gp,point,n2,6mm,6.0,0.0,round_table,leg-top-screw,screw,28,22,0.7857142857142857,2.4897185995178894,,,7,True,saved_rollouts_8,8,
rgbd+GP,gp,point,n2,6mm,6.0,0.0,round_table,top-leg-push,push,36,36,1.0,7.445752156771344,,,5,True,saved_rollouts_8,8,
rgbd+GP,gp,point,n2,6mm,6.0,0.0,lamp,base-bulb-push,push,36,36,1.0,8.560883375318145,,,8,True,saved_rollouts_8,8,
rgbd+GP,gp,point,n2,6mm,6.0,0.0,lamp,bulb-base-insert,insert,23,23,1.0,1.3723223890616292,,,5,True,saved_rollouts_8,8,
rgbd+GP,gp,point,n2,6mm,6.0,0.0,lamp,bulb-base-pick,pick,36,36,1.0,2.515421545401162,,,8,True,saved_rollouts_8,8,
rgbd+GP,gp,point,n2,6mm,6.0,0.0,lamp,bulb-base-place,place,36,23,0.6388888888888888,6.190239371627117,,,8,True,saved_rollouts_8,8,
rgbd+GP,gp,point,n2,6mm,6.0,0.0,lamp,bulb-base-screw,screw,23,13,0.5652173913043478,16.91794851111096,,,4,True,saved_rollouts_8,8,
rgbd+GP,gp,point,n2,6mm,6.0,0.0,lamp,hood-base-pick,pick,9,8,0.8888888888888888,3.697055195422847,,,3,True,saved_rollouts_8,8,
rgbd+GP,gp,point,n2,6mm,6.0,0.0,lamp,hood-base-place,place,8,8,1.0,3.124107968960779,,,1,True,saved_rollouts_8,8,
rgbd+GP,gp,point,n3,12mm,12.0,0.0,one_leg,leg-top-insert,insert,29,28,0.9655172413793104,1.8735747211249623,,,7,True,saved_rollouts_8,8,
rgbd+GP,gp,point,n3,12mm,12.0,0.0,one_leg,leg-top-pick,pick,32,32,1.0,2.269941195486776,,,7,True,saved_rollouts_8,8,
rgbd+GP,gp,point,n3,12mm,12.0,0.0,one_leg,leg-top-place,place,32,29,0.90625,2.0818577719144007,,,8,True,saved_rollouts_8,8,
rgbd+GP,gp,point,n3,12mm,12.0,0.0,one_leg,leg-top-screw,screw,28,28,1.0,3.0495224965569614,,,2,True,saved_rollouts_8,8,
rgbd+GP,gp,point,n3,12mm,12.0,0.0,one_leg,top-leg-pick,pick,36,36,1.0,3.055225921608348,,,7,True,saved_rollouts_8,8,
rgbd+GP,gp,point,n3,12mm,12.0,0.0,one_leg,top-leg-push,push,36,32,0.8888888888888888,3.841248775721468,,,7,True,saved_rollouts_8,8,
rgbd+GP,gp,point,n3,12mm,12.0,0.0,round_table,base-leg-insert,insert,18,18,1.0,3.2752446860381896,,,2,True,saved_rollouts_8,8,
rgbd+GP,gp,point,n3,12mm,12.0,0.0,round_table,base-leg-pick,pick,22,19,0.8636363636363636,1.9263184889141614,,,3,True,saved_rollouts_8,8,
rgbd+GP,gp,point,n3,12mm,12.0,0.0,round_table,base-leg-place,place,19,18,0.9473684210526315,3.5428582614732917,,,2,True,saved_rollouts_8,8,
rgbd+GP,gp,point,n3,12mm,12.0,0.0,round_table,base-leg-screw,screw,18,15,0.8333333333333334,,,,0,True,saved_rollouts_8,8,
rgbd+GP,gp,point,n3,12mm,12.0,0.0,round_table,leg-top-insert,insert,26,26,1.0,2.0715210348210835,,,4,True,saved_rollouts_8,8,
rgbd+GP,gp,point,n3,12mm,12.0,0.0,round_table,leg-top-pick,pick,36,32,0.8888888888888888,5.510742631305457,,,7,True,saved_rollouts_8,8,
rgbd+GP,gp,point,n3,12mm,12.0,0.0,round_table,leg-top-place,place,32,26,0.8125,2.7872281429144468,,,5,True,saved_rollouts_8,8,
rgbd+GP,gp,point,n3,12mm,12.0,0.0,round_table,leg-top-screw,screw,26,22,0.8461538461538461,3.5695598256405656,,,4,True,saved_rollouts_8,8,
rgbd+GP,gp,point,n3,12mm,12.0,0.0,round_table,top-leg-push,push,36,36,1.0,7.510887649321344,,,5,True,saved_rollouts_8,8,
rgbd+GP,gp,point,n3,12mm,12.0,0.0,lamp,base-bulb-push,push,35,35,1.0,7.239136523592194,,,7,True,saved_rollouts_8,8,
rgbd+GP,gp,point,n3,12mm,12.0,0.0,lamp,bulb-base-insert,insert,22,22,1.0,1.9437768015672467,,,5,True,saved_rollouts_8,8,
rgbd+GP,gp,point,n3,12mm,12.0,0.0,lamp,bulb-base-pick,pick,36,35,0.9722222222222222,3.026895831533409,,,8,True,saved_rollouts_8,8,
rgbd+GP,gp,point,n3,12mm,12.0,0.0,lamp,bulb-base-place,place,35,22,0.6285714285714286,3.087336046666511,,,8,True,saved_rollouts_8,8,
rgbd+GP,gp,point,n3,12mm,12.0,0.0,lamp,bulb-base-screw,screw,22,14,0.6363636363636364,9.968320172907925,,,4,True,saved_rollouts_8,8,
rgbd+GP,gp,point,n3,12mm,12.0,0.0,lamp,hood-base-pick,pick,9,8,0.8888888888888888,3.1634002359279783,,,3,True,saved_rollouts_8,8,
rgbd+GP,gp,point,n3,12mm,12.0,0.0,lamp,hood-base-place,place,8,8,1.0,,,,0,True,saved_rollouts_8,8,
rgbd+GP,gp,point,n4,24mm,24.0,0.0,one_leg,leg-top-insert,insert,34,33,0.9705882352941176,4.092283567345508,,,8,True,saved_rollouts_8,8,
rgbd+GP,gp,point,n4,24mm,24.0,0.0,one_leg,leg-top-pick,pick,36,36,1.0,3.2618254588245907,,,5,True,saved_rollouts_8,8,
rgbd+GP,gp,point,n4,24mm,24.0,0.0,one_leg,leg-top-place,place,36,34,0.9444444444444444,3.390214967643934,,,8,True,saved_rollouts_8,8,
rgbd+GP,gp,point,n4,24mm,24.0,0.0,one_leg,leg-top-screw,screw,33,32,0.9696969696969697,3.798641660717227,,,1,True,saved_rollouts_8,8,
rgbd+GP,gp,point,n4,24mm,24.0,0.0,one_leg,top-leg-pick,pick,36,36,1.0,3.2824612062020626,,,7,True,saved_rollouts_8,8,
rgbd+GP,gp,point,n4,24mm,24.0,0.0,one_leg,top-leg-push,push,36,36,1.0,5.528147427436835,,,7,True,saved_rollouts_8,8,
rgbd+GP,gp,point,n4,24mm,24.0,0.0,round_table,base-leg-insert,insert,20,19,0.95,4.509305232814503,,,3,True,saved_rollouts_8,8,
rgbd+GP,gp,point,n4,24mm,24.0,0.0,round_table,base-leg-pick,pick,22,21,0.9545454545454546,3.0161051761760733,,,6,True,saved_rollouts_8,8,
rgbd+GP,gp,point,n4,24mm,24.0,0.0,round_table,base-leg-place,place,21,20,0.9523809523809523,7.582443478549853,,,5,True,saved_rollouts_8,8,
rgbd+GP,gp,point,n4,24mm,24.0,0.0,round_table,base-leg-screw,screw,19,16,0.8421052631578947,,,,0,True,saved_rollouts_8,8,
rgbd+GP,gp,point,n4,24mm,24.0,0.0,round_table,leg-top-insert,insert,26,26,1.0,3.541453442888818,,,6,True,saved_rollouts_8,8,
rgbd+GP,gp,point,n4,24mm,24.0,0.0,round_table,leg-top-pick,pick,36,33,0.9166666666666666,5.354243523386347,,,7,True,saved_rollouts_8,8,
rgbd+GP,gp,point,n4,24mm,24.0,0.0,round_table,leg-top-place,place,33,26,0.7878787878787878,4.3454778395254525,,,6,True,saved_rollouts_8,8,
rgbd+GP,gp,point,n4,24mm,24.0,0.0,round_table,leg-top-screw,screw,26,22,0.8461538461538461,4.496968505974364,,,6,True,saved_rollouts_8,8,
rgbd+GP,gp,point,n4,24mm,24.0,0.0,round_table,top-leg-push,push,36,36,1.0,8.511854853923445,,,3,True,saved_rollouts_8,8,
rgbd+GP,gp,point,n4,24mm,24.0,0.0,lamp,base-bulb-push,push,36,36,1.0,7.2950685568010805,,,7,True,saved_rollouts_8,8,
rgbd+GP,gp,point,n4,24mm,24.0,0.0,lamp,bulb-base-insert,insert,22,22,1.0,3.560860896633481,,,3,True,saved_rollouts_8,8,
rgbd+GP,gp,point,n4,24mm,24.0,0.0,lamp,bulb-base-pick,pick,36,33,0.9166666666666666,6.845939664832949,,,8,True,saved_rollouts_8,8,
rgbd+GP,gp,point,n4,24mm,24.0,0.0,lamp,bulb-base-place,place,33,22,0.6666666666666666,5.915236939203376,,,7,True,saved_rollouts_8,8,
rgbd+GP,gp,point,n4,24mm,24.0,0.0,lamp,bulb-base-screw,screw,22,14,0.6363636363636364,4.10525567113784,,,1,True,saved_rollouts_8,8,
rgbd+GP,gp,point,n4,24mm,24.0,0.0,lamp,hood-base-pick,pick,10,8,0.8,4.574804276472669,,,1,True,saved_rollouts_8,8,
rgbd+GP,gp,point,n4,24mm,24.0,0.0,lamp,hood-base-place,place,6,6,1.0,,,,0,True,saved_rollouts_8,8,
rgbd+colored GP,colored_gp,point,n0,0mm,0.0,0.0,one_leg,leg-top-insert,insert,32,31,0.96875,0.7675528115255689,,,7,True,saved_rollouts_8,8,
rgbd+colored GP,colored_gp,point,shuffle,shuffled-guidance,0.0,0.0,one_leg,leg-top-insert,insert,31,30,0.967741935483871,18.590377122678714,,,31,False,full_evaluator_36_pre_workspace_filter,36,workspace filtering unavailable
rgbd+colored GP,colored_gp,point,n0,0mm,0.0,0.0,one_leg,leg-top-pick,pick,35,35,1.0,1.4734534062176883,,,7,True,saved_rollouts_8,8,
rgbd+colored GP,colored_gp,point,shuffle,shuffled-guidance,0.0,0.0,one_leg,leg-top-pick,pick,34,34,1.0,22.790712125831195,,,34,False,full_evaluator_36_pre_workspace_filter,36,workspace filtering unavailable
rgbd+colored GP,colored_gp,point,n0,0mm,0.0,0.0,one_leg,leg-top-place,place,35,32,0.9142857142857143,0.859588048027536,,,7,True,saved_rollouts_8,8,
rgbd+colored GP,colored_gp,point,shuffle,shuffled-guidance,0.0,0.0,one_leg,leg-top-place,place,34,31,0.9117647058823529,18.572523185240193,,,34,False,full_evaluator_36_pre_workspace_filter,36,workspace filtering unavailable
rgbd+colored GP,colored_gp,point,n0,0mm,0.0,0.0,one_leg,leg-top-screw,screw,31,31,1.0,1.8084892849353649,,,1,True,saved_rollouts_8,8,
rgbd+colored GP,colored_gp,point,shuffle,shuffled-guidance,0.0,0.0,one_leg,leg-top-screw,screw,30,29,0.9666666666666667,49.43948410431987,,,30,False,full_evaluator_36_pre_workspace_filter,36,workspace filtering unavailable
rgbd+colored GP,colored_gp,point,n0,0mm,0.0,0.0,one_leg,top-leg-pick,pick,36,36,1.0,2.4927713522599624,,,8,True,saved_rollouts_8,8,
rgbd+colored GP,colored_gp,point,shuffle,shuffled-guidance,0.0,0.0,one_leg,top-leg-pick,pick,36,36,1.0,23.767318092030145,,,36,False,full_evaluator_36_pre_workspace_filter,36,workspace filtering unavailable
rgbd+colored GP,colored_gp,point,n0,0mm,0.0,0.0,one_leg,top-leg-push,push,36,35,0.9722222222222222,5.505133287058482,,,8,True,saved_rollouts_8,8,
rgbd+colored GP,colored_gp,point,shuffle,shuffled-guidance,0.0,0.0,one_leg,top-leg-push,push,36,34,0.9444444444444444,11.6225885713993,,,36,False,full_evaluator_36_pre_workspace_filter,36,workspace filtering unavailable
rgbd+colored GP,colored_gp,point,n0,0mm,0.0,0.0,round_table,base-leg-insert,insert,16,15,0.9375,2.981724677023436,,,4,True,saved_rollouts_8,8,
rgbd+colored GP,colored_gp,point,shuffle,shuffled-guidance,0.0,0.0,round_table,base-leg-insert,insert,22,21,0.9545454545454546,4.952334020915446,,,22,False,full_evaluator_36_pre_workspace_filter,36,workspace filtering unavailable
rgbd+colored GP,colored_gp,point,n0,0mm,0.0,0.0,round_table,base-leg-pick,pick,22,19,0.8636363636363636,1.1010108298505505,,,5,True,saved_rollouts_8,8,
rgbd+colored GP,colored_gp,point,shuffle,shuffled-guidance,0.0,0.0,round_table,base-leg-pick,pick,23,23,1.0,27.45458283480585,,,23,False,full_evaluator_36_pre_workspace_filter,36,workspace filtering unavailable
rgbd+colored GP,colored_gp,point,n0,0mm,0.0,0.0,round_table,base-leg-place,place,19,16,0.8421052631578947,3.794044774417228,,,5,True,saved_rollouts_8,8,
rgbd+colored GP,colored_gp,point,shuffle,shuffled-guidance,0.0,0.0,round_table,base-leg-place,place,23,22,0.9565217391304348,3.93419436878543,,,23,False,full_evaluator_36_pre_workspace_filter,36,workspace filtering unavailable
rgbd+colored GP,colored_gp,point,n0,0mm,0.0,0.0,round_table,base-leg-screw,screw,15,11,0.7333333333333333,2.4539188855487057,,,1,True,saved_rollouts_8,8,
rgbd+colored GP,colored_gp,point,shuffle,shuffled-guidance,0.0,0.0,round_table,base-leg-screw,screw,21,14,0.6666666666666666,19.229909814110925,,,21,False,full_evaluator_36_pre_workspace_filter,36,workspace filtering unavailable
rgbd+colored GP,colored_gp,point,n0,0mm,0.0,0.0,round_table,leg-top-insert,insert,24,24,1.0,0.5533433352132572,,,5,True,saved_rollouts_8,8,
rgbd+colored GP,colored_gp,point,shuffle,shuffled-guidance,0.0,0.0,round_table,leg-top-insert,insert,28,28,1.0,3.6624238109306586,,,28,False,full_evaluator_36_pre_workspace_filter,36,workspace filtering unavailable
rgbd+colored GP,colored_gp,point,n0,0mm,0.0,0.0,round_table,leg-top-pick,pick,36,30,0.8333333333333334,3.084847519979026,,,8,True,saved_rollouts_8,8,
rgbd+colored GP,colored_gp,point,shuffle,shuffled-guidance,0.0,0.0,round_table,leg-top-pick,pick,36,33,0.9166666666666666,23.42420482057018,,,36,False,full_evaluator_36_pre_workspace_filter,36,workspace filtering unavailable
rgbd+colored GP,colored_gp,point,n0,0mm,0.0,0.0,round_table,leg-top-place,place,30,24,0.8,0.9201122537207056,,,5,True,saved_rollouts_8,8,
rgbd+colored GP,colored_gp,point,shuffle,shuffled-guidance,0.0,0.0,round_table,leg-top-place,place,33,28,0.8484848484848485,3.655575514688023,,,33,False,full_evaluator_36_pre_workspace_filter,36,workspace filtering unavailable
rgbd+colored GP,colored_gp,point,n0,0mm,0.0,0.0,round_table,leg-top-screw,screw,24,22,0.9166666666666666,1.943370701984428,,,5,True,saved_rollouts_8,8,
rgbd+colored GP,colored_gp,point,shuffle,shuffled-guidance,0.0,0.0,round_table,leg-top-screw,screw,28,23,0.8214285714285714,4.836300420723718,,,28,False,full_evaluator_36_pre_workspace_filter,36,workspace filtering unavailable
rgbd+colored GP,colored_gp,point,n0,0mm,0.0,0.0,round_table,top-leg-push,push,36,36,1.0,7.2835804608073635,,,8,True,saved_rollouts_8,8,
rgbd+colored GP,colored_gp,point,shuffle,shuffled-guidance,0.0,0.0,round_table,top-leg-push,push,36,36,1.0,11.739471676901909,,,36,False,full_evaluator_36_pre_workspace_filter,36,workspace filtering unavailable
rgbd+colored GP,colored_gp,point,n0,0mm,0.0,0.0,lamp,base-bulb-push,push,36,36,1.0,7.425217078594909,,,8,True,saved_rollouts_8,8,
rgbd+colored GP,colored_gp,point,shuffle,shuffled-guidance,0.0,0.0,lamp,base-bulb-push,push,36,36,1.0,12.98265819484549,,,36,False,full_evaluator_36_pre_workspace_filter,36,workspace filtering unavailable
rgbd+colored GP,colored_gp,point,n0,0mm,0.0,0.0,lamp,bulb-base-insert,insert,22,22,1.0,1.5264486121069156,,,6,True,saved_rollouts_8,8,
rgbd+colored GP,colored_gp,point,shuffle,shuffled-guidance,0.0,0.0,lamp,bulb-base-insert,insert,21,21,1.0,13.06017054997482,,,21,False,full_evaluator_36_pre_workspace_filter,36,workspace filtering unavailable
rgbd+colored GP,colored_gp,point,n0,0mm,0.0,0.0,lamp,bulb-base-pick,pick,36,35,0.9722222222222222,1.5835878501544398,,,8,True,saved_rollouts_8,8,
rgbd+colored GP,colored_gp,point,shuffle,shuffled-guidance,0.0,0.0,lamp,bulb-base-pick,pick,36,36,1.0,16.264214831309893,,,36,False,full_evaluator_36_pre_workspace_filter,36,workspace filtering unavailable
rgbd+colored GP,colored_gp,point,n0,0mm,0.0,0.0,lamp,bulb-base-place,place,35,22,0.6285714285714286,3.9779439679347703,,,8,True,saved_rollouts_8,8,
rgbd+colored GP,colored_gp,point,shuffle,shuffled-guidance,0.0,0.0,lamp,bulb-base-place,place,36,21,0.5833333333333334,6.353164914249818,,,36,False,full_evaluator_36_pre_workspace_filter,36,workspace filtering unavailable
rgbd+colored GP,colored_gp,point,n0,0mm,0.0,0.0,lamp,bulb-base-screw,screw,22,15,0.6818181818181818,8.344379753382338,,,6,True,saved_rollouts_8,8,
rgbd+colored GP,colored_gp,point,shuffle,shuffled-guidance,0.0,0.0,lamp,bulb-base-screw,screw,21,13,0.6190476190476191,26.84254121228351,,,21,False,full_evaluator_36_pre_workspace_filter,36,workspace filtering unavailable
rgbd+colored GP,colored_gp,point,n0,0mm,0.0,0.0,lamp,hood-base-pick,pick,13,12,0.9230769230769231,4.390416925079057,,,4,True,saved_rollouts_8,8,
rgbd+colored GP,colored_gp,point,shuffle,shuffled-guidance,0.0,0.0,lamp,hood-base-pick,pick,8,8,1.0,18.002970464477414,,,8,False,full_evaluator_36_pre_workspace_filter,36,workspace filtering unavailable
rgbd+colored GP,colored_gp,point,n0,0mm,0.0,0.0,lamp,hood-base-place,place,10,10,1.0,,,,0,True,saved_rollouts_8,8,
rgbd+colored GP,colored_gp,point,shuffle,shuffled-guidance,0.0,0.0,lamp,hood-base-place,place,8,8,1.0,59.3921388572078,,,8,False,full_evaluator_36_pre_workspace_filter,36,workspace filtering unavailable
rgbd+colored GP,colored_gp,point,n1,3mm,3.0,0.0,one_leg,leg-top-insert,insert,33,31,0.9393939393939394,1.0241876141720276,,,6,True,saved_rollouts_8,8,
rgbd+colored GP,colored_gp,point,n1,3mm,3.0,0.0,one_leg,leg-top-pick,pick,34,34,1.0,1.3779067147360877,,,6,True,saved_rollouts_8,8,
rgbd+colored GP,colored_gp,point,n1,3mm,3.0,0.0,one_leg,leg-top-place,place,34,33,0.9705882352941176,1.191887266974359,,,6,True,saved_rollouts_8,8,
rgbd+colored GP,colored_gp,point,n1,3mm,3.0,0.0,one_leg,leg-top-screw,screw,31,31,1.0,1.730968767300111,,,1,True,saved_rollouts_8,8,
rgbd+colored GP,colored_gp,point,n1,3mm,3.0,0.0,one_leg,top-leg-pick,pick,36,36,1.0,2.807054817271424,,,8,True,saved_rollouts_8,8,
rgbd+colored GP,colored_gp,point,n1,3mm,3.0,0.0,one_leg,top-leg-push,push,36,34,0.9444444444444444,6.081839181072436,,,8,True,saved_rollouts_8,8,
rgbd+colored GP,colored_gp,point,n1,3mm,3.0,0.0,round_table,base-leg-insert,insert,16,16,1.0,1.582025574329553,,,3,True,saved_rollouts_8,8,
rgbd+colored GP,colored_gp,point,n1,3mm,3.0,0.0,round_table,base-leg-pick,pick,24,21,0.875,1.3729814632888222,,,6,True,saved_rollouts_8,8,
rgbd+colored GP,colored_gp,point,n1,3mm,3.0,0.0,round_table,base-leg-place,place,21,16,0.7619047619047619,2.6370598655546384,,,5,True,saved_rollouts_8,8,
rgbd+colored GP,colored_gp,point,n1,3mm,3.0,0.0,round_table,base-leg-screw,screw,16,14,0.875,1.378630522990629,,,2,True,saved_rollouts_8,8,
rgbd+colored GP,colored_gp,point,n1,3mm,3.0,0.0,round_table,leg-top-insert,insert,25,25,1.0,0.8862969956641807,,,6,True,saved_rollouts_8,8,
rgbd+colored GP,colored_gp,point,n1,3mm,3.0,0.0,round_table,leg-top-pick,pick,36,30,0.8333333333333334,4.760731158532202,,,8,True,saved_rollouts_8,8,
rgbd+colored GP,colored_gp,point,n1,3mm,3.0,0.0,round_table,leg-top-place,place,30,25,0.8333333333333334,1.3748289601211003,,,6,True,saved_rollouts_8,8,
rgbd+colored GP,colored_gp,point,n1,3mm,3.0,0.0,round_table,leg-top-screw,screw,25,24,0.96,2.262808004855141,,,6,True,saved_rollouts_8,8,
rgbd+colored GP,colored_gp,point,n1,3mm,3.0,0.0,round_table,top-leg-push,push,36,36,1.0,7.1148202547957204,,,7,True,saved_rollouts_8,8,
rgbd+colored GP,colored_gp,point,n1,3mm,3.0,0.0,lamp,base-bulb-push,push,36,36,1.0,7.542696528427858,,,8,True,saved_rollouts_8,8,
rgbd+colored GP,colored_gp,point,n1,3mm,3.0,0.0,lamp,bulb-base-insert,insert,26,26,1.0,1.4257343113869114,,,6,True,saved_rollouts_8,8,
rgbd+colored GP,colored_gp,point,n1,3mm,3.0,0.0,lamp,bulb-base-pick,pick,36,35,0.9722222222222222,4.999756841132212,,,8,True,saved_rollouts_8,8,
rgbd+colored GP,colored_gp,point,n1,3mm,3.0,0.0,lamp,bulb-base-place,place,35,26,0.7428571428571429,1.9854481660011736,,,7,True,saved_rollouts_8,8,
rgbd+colored GP,colored_gp,point,n1,3mm,3.0,0.0,lamp,bulb-base-screw,screw,26,15,0.5769230769230769,16.985353353633602,,,4,True,saved_rollouts_8,8,
rgbd+colored GP,colored_gp,point,n1,3mm,3.0,0.0,lamp,hood-base-pick,pick,11,10,0.9090909090909091,5.128148673888925,,,1,True,saved_rollouts_8,8,
rgbd+colored GP,colored_gp,point,n1,3mm,3.0,0.0,lamp,hood-base-place,place,10,10,1.0,1.4383914955701964,,,1,True,saved_rollouts_8,8,
rgbd+colored GP,colored_gp,point,n2,6mm,6.0,0.0,one_leg,leg-top-insert,insert,32,31,0.96875,1.1742724056788776,,,7,True,saved_rollouts_8,8,
rgbd+colored GP,colored_gp,point,n2,6mm,6.0,0.0,one_leg,leg-top-pick,pick,33,33,1.0,1.4421277828634513,,,7,True,saved_rollouts_8,8,
rgbd+colored GP,colored_gp,point,n2,6mm,6.0,0.0,one_leg,leg-top-place,place,33,32,0.9696969696969697,1.6147287936274513,,,7,True,saved_rollouts_8,8,
rgbd+colored GP,colored_gp,point,n2,6mm,6.0,0.0,one_leg,leg-top-screw,screw,31,30,0.967741935483871,2.1796785279636106,,,1,True,saved_rollouts_8,8,
rgbd+colored GP,colored_gp,point,n2,6mm,6.0,0.0,one_leg,top-leg-pick,pick,36,36,1.0,2.390926628197856,,,8,True,saved_rollouts_8,8,
rgbd+colored GP,colored_gp,point,n2,6mm,6.0,0.0,one_leg,top-leg-push,push,36,33,0.9166666666666666,4.958873748620219,,,8,True,saved_rollouts_8,8,
rgbd+colored GP,colored_gp,point,n2,6mm,6.0,0.0,round_table,base-leg-insert,insert,17,17,1.0,2.48709599886458,,,4,True,saved_rollouts_8,8,
rgbd+colored GP,colored_gp,point,n2,6mm,6.0,0.0,round_table,base-leg-pick,pick,20,17,0.85,2.035660815798811,,,5,True,saved_rollouts_8,8,
rgbd+colored GP,colored_gp,point,n2,6mm,6.0,0.0,round_table,base-leg-place,place,17,17,1.0,2.681582780196614,,,5,True,saved_rollouts_8,8,
rgbd+colored GP,colored_gp,point,n2,6mm,6.0,0.0,round_table,base-leg-screw,screw,17,13,0.7647058823529411,2.8923370391050334,,,1,True,saved_rollouts_8,8,
rgbd+colored GP,colored_gp,point,n2,6mm,6.0,0.0,round_table,leg-top-insert,insert,24,23,0.9583333333333334,1.1142541798407817,,,6,True,saved_rollouts_8,8,
rgbd+colored GP,colored_gp,point,n2,6mm,6.0,0.0,round_table,leg-top-pick,pick,36,33,0.9166666666666666,2.4291191727114265,,,8,True,saved_rollouts_8,8,
rgbd+colored GP,colored_gp,point,n2,6mm,6.0,0.0,round_table,leg-top-place,place,33,24,0.7272727272727273,1.5839022917212349,,,8,True,saved_rollouts_8,8,
rgbd+colored GP,colored_gp,point,n2,6mm,6.0,0.0,round_table,leg-top-screw,screw,23,20,0.8695652173913043,2.8659461952393857,,,6,True,saved_rollouts_8,8,
rgbd+colored GP,colored_gp,point,n2,6mm,6.0,0.0,round_table,top-leg-push,push,36,36,1.0,7.2494224457897465,,,5,True,saved_rollouts_8,8,
rgbd+colored GP,colored_gp,point,n2,6mm,6.0,0.0,lamp,base-bulb-push,push,36,36,1.0,7.3706044351942275,,,8,True,saved_rollouts_8,8,
rgbd+colored GP,colored_gp,point,n2,6mm,6.0,0.0,lamp,bulb-base-insert,insert,24,24,1.0,1.4195245091051027,,,7,True,saved_rollouts_8,8,
rgbd+colored GP,colored_gp,point,n2,6mm,6.0,0.0,lamp,bulb-base-pick,pick,36,35,0.9722222222222222,1.8988332376077444,,,8,True,saved_rollouts_8,8,
rgbd+colored GP,colored_gp,point,n2,6mm,6.0,0.0,lamp,bulb-base-place,place,35,24,0.6857142857142857,1.494926175074535,,,8,True,saved_rollouts_8,8,
rgbd+colored GP,colored_gp,point,n2,6mm,6.0,0.0,lamp,bulb-base-screw,screw,24,17,0.7083333333333334,13.437858226540596,,,7,True,saved_rollouts_8,8,
rgbd+colored GP,colored_gp,point,n2,6mm,6.0,0.0,lamp,hood-base-pick,pick,13,13,1.0,3.4884684986745165,,,5,True,saved_rollouts_8,8,
rgbd+colored GP,colored_gp,point,n2,6mm,6.0,0.0,lamp,hood-base-place,place,13,13,1.0,,,,0,True,saved_rollouts_8,8,
rgbd+colored GP,colored_gp,point,n3,12mm,12.0,0.0,one_leg,leg-top-insert,insert,34,33,0.9705882352941176,2.386418965912959,,,8,True,saved_rollouts_8,8,
rgbd+colored GP,colored_gp,point,n3,12mm,12.0,0.0,one_leg,leg-top-pick,pick,34,34,1.0,1.8808429339531525,,,7,True,saved_rollouts_8,8,
rgbd+colored GP,colored_gp,point,n3,12mm,12.0,0.0,one_leg,leg-top-place,place,34,34,1.0,1.5215302068992984,,,8,True,saved_rollouts_8,8,
rgbd+colored GP,colored_gp,point,n3,12mm,12.0,0.0,one_leg,leg-top-screw,screw,33,32,0.9696969696969697,2.1424883419663177,,,2,True,saved_rollouts_8,8,
rgbd+colored GP,colored_gp,point,n3,12mm,12.0,0.0,one_leg,top-leg-pick,pick,36,36,1.0,2.6030087316980786,,,7,True,saved_rollouts_8,8,
rgbd+colored GP,colored_gp,point,n3,12mm,12.0,0.0,one_leg,top-leg-push,push,36,34,0.9444444444444444,4.101589315876093,,,8,True,saved_rollouts_8,8,
rgbd+colored GP,colored_gp,point,n3,12mm,12.0,0.0,round_table,base-leg-insert,insert,18,18,1.0,2.719666098427695,,,3,True,saved_rollouts_8,8,
rgbd+colored GP,colored_gp,point,n3,12mm,12.0,0.0,round_table,base-leg-pick,pick,22,20,0.9090909090909091,3.439149742068371,,,5,True,saved_rollouts_8,8,
rgbd+colored GP,colored_gp,point,n3,12mm,12.0,0.0,round_table,base-leg-place,place,20,18,0.9,3.4930139049119466,,,4,True,saved_rollouts_8,8,
rgbd+colored GP,colored_gp,point,n3,12mm,12.0,0.0,round_table,base-leg-screw,screw,18,13,0.7222222222222222,1.6689584253505423,,,1,True,saved_rollouts_8,8,
rgbd+colored GP,colored_gp,point,n3,12mm,12.0,0.0,round_table,leg-top-insert,insert,28,27,0.9642857142857143,1.2798203203713188,,,5,True,saved_rollouts_8,8,
rgbd+colored GP,colored_gp,point,n3,12mm,12.0,0.0,round_table,leg-top-pick,pick,36,34,0.9444444444444444,2.7409875455854555,,,8,True,saved_rollouts_8,8,
rgbd+colored GP,colored_gp,point,n3,12mm,12.0,0.0,round_table,leg-top-place,place,34,28,0.8235294117647058,3.91765574744877,,,8,True,saved_rollouts_8,8,
rgbd+colored GP,colored_gp,point,n3,12mm,12.0,0.0,round_table,leg-top-screw,screw,27,22,0.8148148148148148,3.4005962304244566,,,5,True,saved_rollouts_8,8,
rgbd+colored GP,colored_gp,point,n3,12mm,12.0,0.0,round_table,top-leg-push,push,36,36,1.0,7.190925839378676,,,5,True,saved_rollouts_8,8,
rgbd+colored GP,colored_gp,point,n3,12mm,12.0,0.0,lamp,base-bulb-push,push,36,36,1.0,7.485267244960789,,,7,True,saved_rollouts_8,8,
rgbd+colored GP,colored_gp,point,n3,12mm,12.0,0.0,lamp,bulb-base-insert,insert,20,20,1.0,2.3814826046283897,,,2,True,saved_rollouts_8,8,
rgbd+colored GP,colored_gp,point,n3,12mm,12.0,0.0,lamp,bulb-base-pick,pick,36,34,0.9444444444444444,3.7137324465148875,,,8,True,saved_rollouts_8,8,
rgbd+colored GP,colored_gp,point,n3,12mm,12.0,0.0,lamp,bulb-base-place,place,34,20,0.5882352941176471,7.096919893938638,,,8,True,saved_rollouts_8,8,
rgbd+colored GP,colored_gp,point,n3,12mm,12.0,0.0,lamp,bulb-base-screw,screw,20,13,0.65,6.919469545976622,,,2,True,saved_rollouts_8,8,
rgbd+colored GP,colored_gp,point,n3,12mm,12.0,0.0,lamp,hood-base-pick,pick,11,11,1.0,2.854410977818889,,,2,True,saved_rollouts_8,8,
rgbd+colored GP,colored_gp,point,n3,12mm,12.0,0.0,lamp,hood-base-place,place,10,10,1.0,,,,0,True,saved_rollouts_8,8,
rgbd+colored GP,colored_gp,point,n4,24mm,24.0,0.0,one_leg,leg-top-insert,insert,31,31,1.0,5.0253763755606515,,,5,True,saved_rollouts_8,8,
rgbd+colored GP,colored_gp,point,n4,24mm,24.0,0.0,one_leg,leg-top-pick,pick,32,32,1.0,3.338905550966706,,,4,True,saved_rollouts_8,8,
rgbd+colored GP,colored_gp,point,n4,24mm,24.0,0.0,one_leg,leg-top-place,place,32,31,0.96875,3.2234689568676442,,,6,True,saved_rollouts_8,8,
rgbd+colored GP,colored_gp,point,n4,24mm,24.0,0.0,one_leg,leg-top-screw,screw,30,30,1.0,4.436620347162545,,,1,True,saved_rollouts_8,8,
rgbd+colored GP,colored_gp,point,n4,24mm,24.0,0.0,one_leg,top-leg-pick,pick,36,36,1.0,3.4766208048633236,,,7,True,saved_rollouts_8,8,
rgbd+colored GP,colored_gp,point,n4,24mm,24.0,0.0,one_leg,top-leg-push,push,36,32,0.8888888888888888,7.898771703276973,,,7,True,saved_rollouts_8,8,
rgbd+colored GP,colored_gp,point,n4,24mm,24.0,0.0,round_table,base-leg-insert,insert,15,14,0.9333333333333333,5.6678092066798555,,,4,True,saved_rollouts_8,8,
rgbd+colored GP,colored_gp,point,n4,24mm,24.0,0.0,round_table,base-leg-pick,pick,21,19,0.9047619047619048,2.859973260411748,,,5,True,saved_rollouts_8,8,
rgbd+colored GP,colored_gp,point,n4,24mm,24.0,0.0,round_table,base-leg-place,place,19,15,0.7894736842105263,3.415008683182842,,,5,True,saved_rollouts_8,8,
rgbd+colored GP,colored_gp,point,n4,24mm,24.0,0.0,round_table,base-leg-screw,screw,14,14,1.0,,,,0,True,saved_rollouts_8,8,
rgbd+colored GP,colored_gp,point,n4,24mm,24.0,0.0,round_table,leg-top-insert,insert,26,26,1.0,2.7772828471115876,,,5,True,saved_rollouts_8,8,
rgbd+colored GP,colored_gp,point,n4,24mm,24.0,0.0,round_table,leg-top-pick,pick,36,28,0.7777777777777778,7.860416886768297,,,7,True,saved_rollouts_8,8,
rgbd+colored GP,colored_gp,point,n4,24mm,24.0,0.0,round_table,leg-top-place,place,28,26,0.9285714285714286,4.336883985631897,,,6,True,saved_rollouts_8,8,
rgbd+colored GP,colored_gp,point,n4,24mm,24.0,0.0,round_table,leg-top-screw,screw,26,21,0.8076923076923077,4.2827923886478585,,,5,True,saved_rollouts_8,8,
rgbd+colored GP,colored_gp,point,n4,24mm,24.0,0.0,round_table,top-leg-push,push,36,36,1.0,8.122179218967577,,,3,True,saved_rollouts_8,8,
rgbd+colored GP,colored_gp,point,n4,24mm,24.0,0.0,lamp,base-bulb-push,push,36,34,0.9444444444444444,7.28317812716405,,,7,True,saved_rollouts_8,8,
rgbd+colored GP,colored_gp,point,n4,24mm,24.0,0.0,lamp,bulb-base-insert,insert,22,22,1.0,3.0760729168844345,,,3,True,saved_rollouts_8,8,
rgbd+colored GP,colored_gp,point,n4,24mm,24.0,0.0,lamp,bulb-base-pick,pick,34,32,0.9411764705882353,4.893403156796837,,,7,True,saved_rollouts_8,8,
rgbd+colored GP,colored_gp,point,n4,24mm,24.0,0.0,lamp,bulb-base-place,place,32,22,0.6875,7.831758969661112,,,8,True,saved_rollouts_8,8,
rgbd+colored GP,colored_gp,point,n4,24mm,24.0,0.0,lamp,bulb-base-screw,screw,22,15,0.6818181818181818,6.829759094020316,,,1,True,saved_rollouts_8,8,
rgbd+colored GP,colored_gp,point,n4,24mm,24.0,0.0,lamp,hood-base-pick,pick,5,5,1.0,4.576603459216756,,,1,True,saved_rollouts_8,8,
rgbd+colored GP,colored_gp,point,n4,24mm,24.0,0.0,lamp,hood-base-place,place,5,5,1.0,,,,0,True,saved_rollouts_8,8,
rgbd+GP+skill,gp_skill,point,n0,0mm,0.0,0.0,one_leg,leg-top-insert,insert,30,30,1.0,0.5916142782498168,,,6,True,saved_rollouts_8,8,
rgbd+GP+skill,gp_skill,point,shuffle,shuffled-guidance,0.0,0.0,one_leg,leg-top-insert,insert,33,33,1.0,17.22993138121584,,,33,False,full_evaluator_36_pre_workspace_filter,36,workspace filtering unavailable
rgbd+GP+skill,gp_skill,point,n0,0mm,0.0,0.0,one_leg,leg-top-pick,pick,34,34,1.0,0.850645457545382,,,7,True,saved_rollouts_8,8,
rgbd+GP+skill,gp_skill,point,shuffle,shuffled-guidance,0.0,0.0,one_leg,leg-top-pick,pick,33,33,1.0,22.9484076842867,,,33,False,full_evaluator_36_pre_workspace_filter,36,workspace filtering unavailable
rgbd+GP+skill,gp_skill,point,n0,0mm,0.0,0.0,one_leg,leg-top-place,place,34,30,0.8823529411764706,1.0677084593081974,,,7,True,saved_rollouts_8,8,
rgbd+GP+skill,gp_skill,point,shuffle,shuffled-guidance,0.0,0.0,one_leg,leg-top-place,place,33,33,1.0,18.43036079322445,,,33,False,full_evaluator_36_pre_workspace_filter,36,workspace filtering unavailable
rgbd+GP+skill,gp_skill,point,n0,0mm,0.0,0.0,one_leg,leg-top-screw,screw,30,30,1.0,2.3950963143709925,,,2,True,saved_rollouts_8,8,
rgbd+GP+skill,gp_skill,point,shuffle,shuffled-guidance,0.0,0.0,one_leg,leg-top-screw,screw,33,32,0.9696969696969697,42.206284612892276,,,33,False,full_evaluator_36_pre_workspace_filter,36,workspace filtering unavailable
rgbd+GP+skill,gp_skill,point,n0,0mm,0.0,0.0,one_leg,top-leg-pick,pick,36,36,1.0,1.738111670515809,,,8,True,saved_rollouts_8,8,
rgbd+GP+skill,gp_skill,point,shuffle,shuffled-guidance,0.0,0.0,one_leg,top-leg-pick,pick,36,36,1.0,24.090941255662525,,,36,False,full_evaluator_36_pre_workspace_filter,36,workspace filtering unavailable
rgbd+GP+skill,gp_skill,point,n0,0mm,0.0,0.0,one_leg,top-leg-push,push,36,34,0.9444444444444444,4.875710019555947,,,8,True,saved_rollouts_8,8,
rgbd+GP+skill,gp_skill,point,shuffle,shuffled-guidance,0.0,0.0,one_leg,top-leg-push,push,36,33,0.9166666666666666,12.105012106597453,,,36,False,full_evaluator_36_pre_workspace_filter,36,workspace filtering unavailable
rgbd+GP+skill,gp_skill,point,n0,0mm,0.0,0.0,round_table,base-leg-insert,insert,19,18,0.9473684210526315,2.2883452843407315,,,5,True,saved_rollouts_8,8,
rgbd+GP+skill,gp_skill,point,shuffle,shuffled-guidance,0.0,0.0,round_table,base-leg-insert,insert,15,15,1.0,4.90101054072715,,,15,False,full_evaluator_36_pre_workspace_filter,36,workspace filtering unavailable
rgbd+GP+skill,gp_skill,point,n0,0mm,0.0,0.0,round_table,base-leg-pick,pick,23,21,0.9130434782608695,4.911190139029955,,,7,True,saved_rollouts_8,8,
rgbd+GP+skill,gp_skill,point,shuffle,shuffled-guidance,0.0,0.0,round_table,base-leg-pick,pick,20,19,0.95,25.170550447452232,,,20,False,full_evaluator_36_pre_workspace_filter,36,workspace filtering unavailable
rgbd+GP+skill,gp_skill,point,n0,0mm,0.0,0.0,round_table,base-leg-place,place,21,19,0.9047619047619048,2.4225745715170786,,,5,True,saved_rollouts_8,8,
rgbd+GP+skill,gp_skill,point,shuffle,shuffled-guidance,0.0,0.0,round_table,base-leg-place,place,19,16,0.8421052631578947,4.4802864962593985,,,19,False,full_evaluator_36_pre_workspace_filter,36,workspace filtering unavailable
rgbd+GP+skill,gp_skill,point,n0,0mm,0.0,0.0,round_table,base-leg-screw,screw,18,16,0.8888888888888888,4.174220607959134,,,1,True,saved_rollouts_8,8,
rgbd+GP+skill,gp_skill,point,shuffle,shuffled-guidance,0.0,0.0,round_table,base-leg-screw,screw,15,14,0.9333333333333333,41.6790883305838,,,15,False,full_evaluator_36_pre_workspace_filter,36,workspace filtering unavailable
rgbd+GP+skill,gp_skill,point,n0,0mm,0.0,0.0,round_table,leg-top-insert,insert,29,29,1.0,0.8043679600080168,,,7,True,saved_rollouts_8,8,
rgbd+GP+skill,gp_skill,point,shuffle,shuffled-guidance,0.0,0.0,round_table,leg-top-insert,insert,23,23,1.0,3.825088858994631,,,23,False,full_evaluator_36_pre_workspace_filter,36,workspace filtering unavailable
rgbd+GP+skill,gp_skill,point,n0,0mm,0.0,0.0,round_table,leg-top-pick,pick,36,33,0.9166666666666666,2.268426274940712,,,8,True,saved_rollouts_8,8,
rgbd+GP+skill,gp_skill,point,shuffle,shuffled-guidance,0.0,0.0,round_table,leg-top-pick,pick,36,30,0.8333333333333334,23.605362568516203,,,36,False,full_evaluator_36_pre_workspace_filter,36,workspace filtering unavailable
rgbd+GP+skill,gp_skill,point,n0,0mm,0.0,0.0,round_table,leg-top-place,place,33,29,0.8787878787878788,1.290498180382903,,,7,True,saved_rollouts_8,8,
rgbd+GP+skill,gp_skill,point,shuffle,shuffled-guidance,0.0,0.0,round_table,leg-top-place,place,30,23,0.7666666666666667,4.0523268470825204,,,30,False,full_evaluator_36_pre_workspace_filter,36,workspace filtering unavailable
rgbd+GP+skill,gp_skill,point,n0,0mm,0.0,0.0,round_table,leg-top-screw,screw,29,23,0.7931034482758621,2.056775272442788,,,7,True,saved_rollouts_8,8,
rgbd+GP+skill,gp_skill,point,shuffle,shuffled-guidance,0.0,0.0,round_table,leg-top-screw,screw,23,20,0.8695652173913043,5.328719452984909,,,23,False,full_evaluator_36_pre_workspace_filter,36,workspace filtering unavailable
rgbd+GP+skill,gp_skill,point,n0,0mm,0.0,0.0,round_table,top-leg-push,push,36,36,1.0,7.306933076160567,,,8,True,saved_rollouts_8,8,
rgbd+GP+skill,gp_skill,point,shuffle,shuffled-guidance,0.0,0.0,round_table,top-leg-push,push,36,36,1.0,11.490962100215071,,,36,False,full_evaluator_36_pre_workspace_filter,36,workspace filtering unavailable
rgbd+GP+skill,gp_skill,point,n0,0mm,0.0,0.0,lamp,base-bulb-push,push,36,36,1.0,7.744541951580816,,,8,True,saved_rollouts_8,8,
rgbd+GP+skill,gp_skill,point,shuffle,shuffled-guidance,0.0,0.0,lamp,base-bulb-push,push,36,36,1.0,13.25315917552893,,,36,False,full_evaluator_36_pre_workspace_filter,36,workspace filtering unavailable
rgbd+GP+skill,gp_skill,point,n0,0mm,0.0,0.0,lamp,bulb-base-insert,insert,21,21,1.0,1.5294389777901243,,,4,True,saved_rollouts_8,8,
rgbd+GP+skill,gp_skill,point,shuffle,shuffled-guidance,0.0,0.0,lamp,bulb-base-insert,insert,22,22,1.0,11.668586517568352,,,22,False,full_evaluator_36_pre_workspace_filter,36,workspace filtering unavailable
rgbd+GP+skill,gp_skill,point,n0,0mm,0.0,0.0,lamp,bulb-base-pick,pick,36,34,0.9444444444444444,4.69134730625446,,,8,True,saved_rollouts_8,8,
rgbd+GP+skill,gp_skill,point,shuffle,shuffled-guidance,0.0,0.0,lamp,bulb-base-pick,pick,36,34,0.9444444444444444,16.46092755635992,,,36,False,full_evaluator_36_pre_workspace_filter,36,workspace filtering unavailable
rgbd+GP+skill,gp_skill,point,n0,0mm,0.0,0.0,lamp,bulb-base-place,place,34,21,0.6176470588235294,2.7057726350709075,,,7,True,saved_rollouts_8,8,
rgbd+GP+skill,gp_skill,point,shuffle,shuffled-guidance,0.0,0.0,lamp,bulb-base-place,place,34,22,0.6470588235294118,6.3606233403265655,,,34,False,full_evaluator_36_pre_workspace_filter,36,workspace filtering unavailable
rgbd+GP+skill,gp_skill,point,n0,0mm,0.0,0.0,lamp,bulb-base-screw,screw,21,12,0.5714285714285714,4.227280878247109,,,3,True,saved_rollouts_8,8,
rgbd+GP+skill,gp_skill,point,shuffle,shuffled-guidance,0.0,0.0,lamp,bulb-base-screw,screw,22,10,0.45454545454545453,25.920975531703473,,,22,False,full_evaluator_36_pre_workspace_filter,36,workspace filtering unavailable
rgbd+GP+skill,gp_skill,point,n0,0mm,0.0,0.0,lamp,hood-base-pick,pick,8,8,1.0,2.741163747472428,,,2,True,saved_rollouts_8,8,
rgbd+GP+skill,gp_skill,point,shuffle,shuffled-guidance,0.0,0.0,lamp,hood-base-pick,pick,6,6,1.0,16.947006340848127,,,6,False,full_evaluator_36_pre_workspace_filter,36,workspace filtering unavailable
rgbd+GP+skill,gp_skill,point,n0,0mm,0.0,0.0,lamp,hood-base-place,place,6,6,1.0,,,,0,True,saved_rollouts_8,8,
rgbd+GP+skill,gp_skill,point,shuffle,shuffled-guidance,0.0,0.0,lamp,hood-base-place,place,6,6,1.0,48.637145838953295,,,6,False,full_evaluator_36_pre_workspace_filter,36,workspace filtering unavailable
rgbd+GP+skill,gp_skill,point,n1,3mm,3.0,0.0,one_leg,leg-top-insert,insert,34,33,0.9705882352941176,0.7240960257871824,,,8,True,saved_rollouts_8,8,
rgbd+GP+skill,gp_skill,point,n1,3mm,3.0,0.0,one_leg,leg-top-pick,pick,35,35,1.0,1.0668641974939073,,,8,True,saved_rollouts_8,8,
rgbd+GP+skill,gp_skill,point,n1,3mm,3.0,0.0,one_leg,leg-top-place,place,35,34,0.9714285714285714,1.2531194516089268,,,8,True,saved_rollouts_8,8,
rgbd+GP+skill,gp_skill,point,n1,3mm,3.0,0.0,one_leg,leg-top-screw,screw,33,33,1.0,1.969313059570325,,,3,True,saved_rollouts_8,8,
rgbd+GP+skill,gp_skill,point,n1,3mm,3.0,0.0,one_leg,top-leg-pick,pick,36,36,1.0,2.108691797336043,,,8,True,saved_rollouts_8,8,
rgbd+GP+skill,gp_skill,point,n1,3mm,3.0,0.0,one_leg,top-leg-push,push,36,35,0.9722222222222222,3.0907925723584593,,,8,True,saved_rollouts_8,8,
rgbd+GP+skill,gp_skill,point,n1,3mm,3.0,0.0,round_table,base-leg-insert,insert,17,17,1.0,3.223377356300064,,,6,True,saved_rollouts_8,8,
rgbd+GP+skill,gp_skill,point,n1,3mm,3.0,0.0,round_table,base-leg-pick,pick,19,18,0.9473684210526315,1.7262156863334148,,,7,True,saved_rollouts_8,8,
rgbd+GP+skill,gp_skill,point,n1,3mm,3.0,0.0,round_table,base-leg-place,place,18,17,0.9444444444444444,3.027577721891994,,,7,True,saved_rollouts_8,8,
rgbd+GP+skill,gp_skill,point,n1,3mm,3.0,0.0,round_table,base-leg-screw,screw,17,16,0.9411764705882353,,,,0,True,saved_rollouts_8,8,
rgbd+GP+skill,gp_skill,point,n1,3mm,3.0,0.0,round_table,leg-top-insert,insert,21,21,1.0,0.8191680488985994,,,7,True,saved_rollouts_8,8,
rgbd+GP+skill,gp_skill,point,n1,3mm,3.0,0.0,round_table,leg-top-pick,pick,36,25,0.6944444444444444,3.35275929077242,,,8,True,saved_rollouts_8,8,
rgbd+GP+skill,gp_skill,point,n1,3mm,3.0,0.0,round_table,leg-top-place,place,25,21,0.84,1.006115761740143,,,7,True,saved_rollouts_8,8,
rgbd+GP+skill,gp_skill,point,n1,3mm,3.0,0.0,round_table,leg-top-screw,screw,21,19,0.9047619047619048,2.3006658757617293,,,7,True,saved_rollouts_8,8,
rgbd+GP+skill,gp_skill,point,n1,3mm,3.0,0.0,round_table,top-leg-push,push,36,36,1.0,7.190704489599161,,,7,True,saved_rollouts_8,8,
rgbd+GP+skill,gp_skill,point,n1,3mm,3.0,0.0,lamp,base-bulb-push,push,36,35,0.9722222222222222,6.958964692299402,,,8,True,saved_rollouts_8,8,
rgbd+GP+skill,gp_skill,point,n1,3mm,3.0,0.0,lamp,bulb-base-insert,insert,20,20,1.0,1.5766142877381422,,,4,True,saved_rollouts_8,8,
rgbd+GP+skill,gp_skill,point,n1,3mm,3.0,0.0,lamp,bulb-base-pick,pick,35,34,0.9714285714285714,2.1706205125995788,,,8,True,saved_rollouts_8,8,
rgbd+GP+skill,gp_skill,point,n1,3mm,3.0,0.0,lamp,bulb-base-place,place,34,20,0.5882352941176471,4.026939244819307,,,8,True,saved_rollouts_8,8,
rgbd+GP+skill,gp_skill,point,n1,3mm,3.0,0.0,lamp,bulb-base-screw,screw,20,13,0.65,12.892369416022722,,,4,True,saved_rollouts_8,8,
rgbd+GP+skill,gp_skill,point,n1,3mm,3.0,0.0,lamp,hood-base-pick,pick,7,7,1.0,2.8162157688070106,,,2,True,saved_rollouts_8,8,
rgbd+GP+skill,gp_skill,point,n1,3mm,3.0,0.0,lamp,hood-base-place,place,7,7,1.0,,,,0,True,saved_rollouts_8,8,
rgbd+GP+skill,gp_skill,point,n2,6mm,6.0,0.0,one_leg,leg-top-insert,insert,33,32,0.9696969696969697,1.0744092726873302,,,6,True,saved_rollouts_8,8,
rgbd+GP+skill,gp_skill,point,n2,6mm,6.0,0.0,one_leg,leg-top-pick,pick,35,35,1.0,1.5093075481241627,,,8,True,saved_rollouts_8,8,
rgbd+GP+skill,gp_skill,point,n2,6mm,6.0,0.0,one_leg,leg-top-place,place,35,33,0.9428571428571428,1.625141706442292,,,8,True,saved_rollouts_8,8,
rgbd+GP+skill,gp_skill,point,n2,6mm,6.0,0.0,one_leg,leg-top-screw,screw,32,32,1.0,2.0314124178089905,,,1,True,saved_rollouts_8,8,
rgbd+GP+skill,gp_skill,point,n2,6mm,6.0,0.0,one_leg,top-leg-pick,pick,36,36,1.0,2.1767941666879405,,,8,True,saved_rollouts_8,8,
rgbd+GP+skill,gp_skill,point,n2,6mm,6.0,0.0,one_leg,top-leg-push,push,36,35,0.9722222222222222,3.2548221503760577,,,8,True,saved_rollouts_8,8,
rgbd+GP+skill,gp_skill,point,n2,6mm,6.0,0.0,round_table,base-leg-insert,insert,18,18,1.0,2.5225326279762332,,,3,True,saved_rollouts_8,8,
rgbd+GP+skill,gp_skill,point,n2,6mm,6.0,0.0,round_table,base-leg-pick,pick,22,22,1.0,2.0458095474424227,,,6,True,saved_rollouts_8,8,
rgbd+GP+skill,gp_skill,point,n2,6mm,6.0,0.0,round_table,base-leg-place,place,22,18,0.8181818181818182,4.022999151116846,,,6,True,saved_rollouts_8,8,
rgbd+GP+skill,gp_skill,point,n2,6mm,6.0,0.0,round_table,base-leg-screw,screw,18,17,0.9444444444444444,,,,0,True,saved_rollouts_8,8,
rgbd+GP+skill,gp_skill,point,n2,6mm,6.0,0.0,round_table,leg-top-insert,insert,26,26,1.0,0.996651176751869,,,6,True,saved_rollouts_8,8,
rgbd+GP+skill,gp_skill,point,n2,6mm,6.0,0.0,round_table,leg-top-pick,pick,36,30,0.8333333333333334,2.7533111355262934,,,8,True,saved_rollouts_8,8,
rgbd+GP+skill,gp_skill,point,n2,6mm,6.0,0.0,round_table,leg-top-place,place,30,26,0.8666666666666667,4.1502032131271305,,,8,True,saved_rollouts_8,8,
rgbd+GP+skill,gp_skill,point,n2,6mm,6.0,0.0,round_table,leg-top-screw,screw,26,22,0.8461538461538461,3.2320959734248413,,,6,True,saved_rollouts_8,8,
rgbd+GP+skill,gp_skill,point,n2,6mm,6.0,0.0,round_table,top-leg-push,push,36,36,1.0,6.900117913106185,,,5,True,saved_rollouts_8,8,
rgbd+GP+skill,gp_skill,point,n2,6mm,6.0,0.0,lamp,base-bulb-push,push,36,35,0.9722222222222222,7.776884862982211,,,8,True,saved_rollouts_8,8,
rgbd+GP+skill,gp_skill,point,n2,6mm,6.0,0.0,lamp,bulb-base-insert,insert,23,23,1.0,1.1571543843412329,,,7,True,saved_rollouts_8,8,
rgbd+GP+skill,gp_skill,point,n2,6mm,6.0,0.0,lamp,bulb-base-pick,pick,35,35,1.0,1.8165082296243904,,,8,True,saved_rollouts_8,8,
rgbd+GP+skill,gp_skill,point,n2,6mm,6.0,0.0,lamp,bulb-base-place,place,35,23,0.6571428571428571,3.1477835041792064,,,8,True,saved_rollouts_8,8,
rgbd+GP+skill,gp_skill,point,n2,6mm,6.0,0.0,lamp,bulb-base-screw,screw,23,18,0.782608695652174,16.222884190424363,,,5,True,saved_rollouts_8,8,
rgbd+GP+skill,gp_skill,point,n2,6mm,6.0,0.0,lamp,hood-base-pick,pick,11,10,0.9090909090909091,3.7496241850575167,,,4,True,saved_rollouts_8,8,
rgbd+GP+skill,gp_skill,point,n2,6mm,6.0,0.0,lamp,hood-base-place,place,10,10,1.0,,,,0,True,saved_rollouts_8,8,
rgbd+GP+skill,gp_skill,point,n3,12mm,12.0,0.0,one_leg,leg-top-insert,insert,35,34,0.9714285714285714,1.8333817443956175,,,7,True,saved_rollouts_8,8,
rgbd+GP+skill,gp_skill,point,n3,12mm,12.0,0.0,one_leg,leg-top-pick,pick,35,35,1.0,2.3316294453670627,,,6,True,saved_rollouts_8,8,
rgbd+GP+skill,gp_skill,point,n3,12mm,12.0,0.0,one_leg,leg-top-place,place,35,35,1.0,2.7543459110720607,,,7,True,saved_rollouts_8,8,
rgbd+GP+skill,gp_skill,point,n3,12mm,12.0,0.0,one_leg,leg-top-screw,screw,34,33,0.9705882352941176,3.462640976388957,,,3,True,saved_rollouts_8,8,
rgbd+GP+skill,gp_skill,point,n3,12mm,12.0,0.0,one_leg,top-leg-pick,pick,36,36,1.0,3.2080188178260647,,,7,True,saved_rollouts_8,8,
rgbd+GP+skill,gp_skill,point,n3,12mm,12.0,0.0,one_leg,top-leg-push,push,36,35,0.9722222222222222,5.70387616825704,,,8,True,saved_rollouts_8,8,
rgbd+GP+skill,gp_skill,point,n3,12mm,12.0,0.0,round_table,base-leg-insert,insert,13,13,1.0,2.468652342640863,,,1,True,saved_rollouts_8,8,
rgbd+GP+skill,gp_skill,point,n3,12mm,12.0,0.0,round_table,base-leg-pick,pick,16,15,0.9375,3.463294473106673,,,3,True,saved_rollouts_8,8,
rgbd+GP+skill,gp_skill,point,n3,12mm,12.0,0.0,round_table,base-leg-place,place,15,13,0.8666666666666667,4.328633026117731,,,3,True,saved_rollouts_8,8,
rgbd+GP+skill,gp_skill,point,n3,12mm,12.0,0.0,round_table,base-leg-screw,screw,13,11,0.8461538461538461,,,,0,True,saved_rollouts_8,8,
rgbd+GP+skill,gp_skill,point,n3,12mm,12.0,0.0,round_table,leg-top-insert,insert,23,22,0.9565217391304348,3.3977367231049453,,,5,True,saved_rollouts_8,8,
rgbd+GP+skill,gp_skill,point,n3,12mm,12.0,0.0,round_table,leg-top-pick,pick,36,30,0.8333333333333334,2.5756016684688148,,,7,True,saved_rollouts_8,8,
rgbd+GP+skill,gp_skill,point,n3,12mm,12.0,0.0,round_table,leg-top-place,place,30,23,0.7666666666666667,2.4491259162843715,,,6,True,saved_rollouts_8,8,
rgbd+GP+skill,gp_skill,point,n3,12mm,12.0,0.0,round_table,leg-top-screw,screw,22,16,0.7272727272727273,3.7743479623034273,,,4,True,saved_rollouts_8,8,
rgbd+GP+skill,gp_skill,point,n3,12mm,12.0,0.0,round_table,top-leg-push,push,36,36,1.0,7.1922497356106865,,,5,True,saved_rollouts_8,8,
rgbd+GP+skill,gp_skill,point,n3,12mm,12.0,0.0,lamp,base-bulb-push,push,36,36,1.0,7.109135015119644,,,7,True,saved_rollouts_8,8,
rgbd+GP+skill,gp_skill,point,n3,12mm,12.0,0.0,lamp,bulb-base-insert,insert,19,19,1.0,1.5984330585159068,,,5,True,saved_rollouts_8,8,
rgbd+GP+skill,gp_skill,point,n3,12mm,12.0,0.0,lamp,bulb-base-pick,pick,36,36,1.0,3.436138930900659,,,8,True,saved_rollouts_8,8,
rgbd+GP+skill,gp_skill,point,n3,12mm,12.0,0.0,lamp,bulb-base-place,place,36,19,0.5277777777777778,3.562994096346185,,,8,True,saved_rollouts_8,8,
rgbd+GP+skill,gp_skill,point,n3,12mm,12.0,0.0,lamp,bulb-base-screw,screw,19,12,0.631578947368421,8.500158572642427,,,3,True,saved_rollouts_8,8,
rgbd+GP+skill,gp_skill,point,n3,12mm,12.0,0.0,lamp,hood-base-pick,pick,8,6,0.75,3.9420395209431303,,,2,True,saved_rollouts_8,8,
rgbd+GP+skill,gp_skill,point,n3,12mm,12.0,0.0,lamp,hood-base-place,place,6,6,1.0,,,,0,True,saved_rollouts_8,8,
rgbd+GP+skill,gp_skill,point,n4,24mm,24.0,0.0,one_leg,leg-top-insert,insert,29,27,0.9310344827586207,4.593731485761948,,,6,True,saved_rollouts_8,8,
rgbd+GP+skill,gp_skill,point,n4,24mm,24.0,0.0,one_leg,leg-top-pick,pick,34,34,1.0,2.8960403802456325,,,4,True,saved_rollouts_8,8,
rgbd+GP+skill,gp_skill,point,n4,24mm,24.0,0.0,one_leg,leg-top-place,place,34,29,0.8529411764705882,3.2961685179486446,,,8,True,saved_rollouts_8,8,
rgbd+GP+skill,gp_skill,point,n4,24mm,24.0,0.0,one_leg,leg-top-screw,screw,27,26,0.9629629629629629,3.392604850359563,,,1,True,saved_rollouts_8,8,
rgbd+GP+skill,gp_skill,point,n4,24mm,24.0,0.0,one_leg,top-leg-pick,pick,36,36,1.0,5.045080411654782,,,7,True,saved_rollouts_8,8,
rgbd+GP+skill,gp_skill,point,n4,24mm,24.0,0.0,one_leg,top-leg-push,push,36,34,0.9444444444444444,5.667779951182492,,,7,True,saved_rollouts_8,8,
rgbd+GP+skill,gp_skill,point,n4,24mm,24.0,0.0,round_table,base-leg-insert,insert,18,16,0.8888888888888888,4.177479724796358,,,4,True,saved_rollouts_8,8,
rgbd+GP+skill,gp_skill,point,n4,24mm,24.0,0.0,round_table,base-leg-pick,pick,22,21,0.9545454545454546,3.6402973063868314,,,5,True,saved_rollouts_8,8,
rgbd+GP+skill,gp_skill,point,n4,24mm,24.0,0.0,round_table,base-leg-place,place,21,18,0.8571428571428571,5.931503403105949,,,5,True,saved_rollouts_8,8,
rgbd+GP+skill,gp_skill,point,n4,24mm,24.0,0.0,round_table,base-leg-screw,screw,16,14,0.875,2.6898355139410715,,,1,True,saved_rollouts_8,8,
rgbd+GP+skill,gp_skill,point,n4,24mm,24.0,0.0,round_table,leg-top-insert,insert,28,28,1.0,3.257284807858987,,,6,True,saved_rollouts_8,8,
rgbd+GP+skill,gp_skill,point,n4,24mm,24.0,0.0,round_table,leg-top-pick,pick,36,32,0.8888888888888888,5.933226350354193,,,7,True,saved_rollouts_8,8,
rgbd+GP+skill,gp_skill,point,n4,24mm,24.0,0.0,round_table,leg-top-place,place,32,28,0.875,4.016304438813963,,,7,True,saved_rollouts_8,8,
rgbd+GP+skill,gp_skill,point,n4,24mm,24.0,0.0,round_table,leg-top-screw,screw,28,24,0.8571428571428571,6.308025004821909,,,6,True,saved_rollouts_8,8,
rgbd+GP+skill,gp_skill,point,n4,24mm,24.0,0.0,round_table,top-leg-push,push,36,36,1.0,7.894763096781642,,,3,True,saved_rollouts_8,8,
rgbd+GP+skill,gp_skill,point,n4,24mm,24.0,0.0,lamp,base-bulb-push,push,36,36,1.0,7.515467676046016,,,7,True,saved_rollouts_8,8,
rgbd+GP+skill,gp_skill,point,n4,24mm,24.0,0.0,lamp,bulb-base-insert,insert,24,24,1.0,3.31450799905232,,,5,True,saved_rollouts_8,8,
rgbd+GP+skill,gp_skill,point,n4,24mm,24.0,0.0,lamp,bulb-base-pick,pick,36,34,0.9444444444444444,4.944348164410712,,,7,True,saved_rollouts_8,8,
rgbd+GP+skill,gp_skill,point,n4,24mm,24.0,0.0,lamp,bulb-base-place,place,34,24,0.7058823529411765,6.978268652944032,,,8,True,saved_rollouts_8,8,
rgbd+GP+skill,gp_skill,point,n4,24mm,24.0,0.0,lamp,bulb-base-screw,screw,24,10,0.4166666666666667,17.815044178764204,,,5,True,saved_rollouts_8,8,
rgbd+GP+skill,gp_skill,point,n4,24mm,24.0,0.0,lamp,hood-base-pick,pick,7,7,1.0,6.585975818351761,,,2,True,saved_rollouts_8,8,
rgbd+GP+skill,gp_skill,point,n4,24mm,24.0,0.0,lamp,hood-base-place,place,7,6,0.8571428571428571,15.21073382550275,,,1,True,saved_rollouts_8,8,
rgbd+grasp-part,grasp_part,grasp-part,n0,0mm/0deg,0.0,0.0,one_leg,leg-top-insert,insert,29,28,0.9655172413793104,0.5065756827419284,5.715399648094127,1.649655612360754,7,True,saved_rollouts_8,8,
rgbd+grasp-part,grasp_part,grasp-part,shuffle,shuffled-guidance,0.0,0.0,one_leg,leg-top-insert,insert,30,27,0.9,19.010988535564895,70.87446922109353,33.185882379783614,30,False,full_evaluator_36_pre_workspace_filter,36,workspace filtering unavailable
rgbd+grasp-part,grasp_part,grasp-part,n0,0mm/0deg,0.0,0.0,one_leg,leg-top-pick,pick,29,29,1.0,1.1166704745606655,12.96856970804246,3.710384416169157,7,True,saved_rollouts_8,8,
rgbd+grasp-part,grasp_part,grasp-part,shuffle,shuffled-guidance,0.0,0.0,one_leg,leg-top-pick,pick,33,33,1.0,22.516247697534958,98.63008481764608,42.242264661064176,33,False,full_evaluator_36_pre_workspace_filter,36,workspace filtering unavailable
rgbd+grasp-part,grasp_part,grasp-part,n0,0mm/0deg,0.0,0.0,one_leg,leg-top-place,place,29,29,1.0,0.7977634151737908,10.01193786445051,2.8001509880638933,7,True,saved_rollouts_8,8,
rgbd+grasp-part,grasp_part,grasp-part,shuffle,shuffled-guidance,0.0,0.0,one_leg,leg-top-place,place,33,30,0.9090909090909091,17.244814998719864,66.9447686194132,30.633768722602497,33,False,full_evaluator_36_pre_workspace_filter,36,workspace filtering unavailable
rgbd+grasp-part,grasp_part,grasp-part,n0,0mm/0deg,0.0,0.0,one_leg,leg-top-screw,screw,28,27,0.9642857142857143,2.275983288563662,17.407725265136854,5.7575283415910326,2,True,saved_rollouts_8,8,
rgbd+grasp-part,grasp_part,grasp-part,shuffle,shuffled-guidance,0.0,0.0,one_leg,leg-top-screw,screw,27,27,1.0,49.62551252983989,37.08685033336498,57.04288259651288,27,False,full_evaluator_36_pre_workspace_filter,36,workspace filtering unavailable
rgbd+grasp-part,grasp_part,grasp-part,n0,0mm/0deg,0.0,0.0,one_leg,top-leg-pick,pick,36,36,1.0,3.085712741083937,19.844338098304334,7.054580360744804,8,True,saved_rollouts_8,8,
rgbd+grasp-part,grasp_part,grasp-part,shuffle,shuffled-guidance,0.0,0.0,one_leg,top-leg-pick,pick,36,36,1.0,24.155065969436695,110.57687607230854,46.27044118389839,36,False,full_evaluator_36_pre_workspace_filter,36,workspace filtering unavailable
rgbd+grasp-part,grasp_part,grasp-part,n0,0mm/0deg,0.0,0.0,one_leg,top-leg-push,push,36,29,0.8055555555555556,5.21310324611383,22.445106941876286,9.702124634489088,8,True,saved_rollouts_8,8,
rgbd+grasp-part,grasp_part,grasp-part,shuffle,shuffled-guidance,0.0,0.0,one_leg,top-leg-push,push,36,33,0.9166666666666666,9.517263187995887,30.969817591816756,15.711226706359238,36,False,full_evaluator_36_pre_workspace_filter,36,workspace filtering unavailable
rgbd+grasp-part,grasp_part,grasp-part,n0,0mm/0deg,0.0,0.0,round_table,base-leg-insert,insert,16,14,0.875,3.131365735692604,9.042821223453712,4.939929980383346,3,True,saved_rollouts_8,8,
rgbd+grasp-part,grasp_part,grasp-part,shuffle,shuffled-guidance,0.0,0.0,round_table,base-leg-insert,insert,16,15,0.9375,4.544544185457432,35.43143370358371,11.630830926174173,16,False,full_evaluator_36_pre_workspace_filter,36,workspace filtering unavailable
rgbd+grasp-part,grasp_part,grasp-part,n0,0mm/0deg,0.0,0.0,round_table,base-leg-pick,pick,18,17,0.9444444444444444,3.249472338685825,28.315193958667418,8.912511130419308,6,True,saved_rollouts_8,8,
rgbd+grasp-part,grasp_part,grasp-part,shuffle,shuffled-guidance,0.0,0.0,round_table,base-leg-pick,pick,19,18,0.9473684210526315,21.28147128978619,81.16568885214423,37.51460906021503,19,False,full_evaluator_36_pre_workspace_filter,36,workspace filtering unavailable
rgbd+grasp-part,grasp_part,grasp-part,n0,0mm/0deg,0.0,0.0,round_table,base-leg-place,place,17,16,0.9411764705882353,3.705345799541102,17.73810028435836,7.252965856412773,5,True,saved_rollouts_8,8,
rgbd+grasp-part,grasp_part,grasp-part,shuffle,shuffled-guidance,0.0,0.0,round_table,base-leg-place,place,18,15,0.8333333333333334,5.548649550170823,72.25580963382845,19.99981147693651,18,False,full_evaluator_36_pre_workspace_filter,36,workspace filtering unavailable
rgbd+grasp-part,grasp_part,grasp-part,n0,0mm/0deg,0.0,0.0,round_table,base-leg-screw,screw,14,11,0.7857142857142857,1.80053300127647,10.647956529193122,3.930124307115094,1,True,saved_rollouts_8,8,
rgbd+grasp-part,grasp_part,grasp-part,shuffle,shuffled-guidance,0.0,0.0,round_table,base-leg-screw,screw,15,11,0.7333333333333333,34.65662692691935,109.22525093510775,56.501677113940886,15,False,full_evaluator_36_pre_workspace_filter,36,workspace filtering unavailable
rgbd+grasp-part,grasp_part,grasp-part,n0,0mm/0deg,0.0,0.0,round_table,leg-top-insert,insert,22,22,1.0,0.5739914467373601,6.017054560758268,1.7774023588890138,6,True,saved_rollouts_8,8,
rgbd+grasp-part,grasp_part,grasp-part,shuffle,shuffled-guidance,0.0,0.0,round_table,leg-top-insert,insert,26,24,0.9230769230769231,3.929684392787765,23.159941633080162,8.561672719403798,26,False,full_evaluator_36_pre_workspace_filter,36,workspace filtering unavailable
rgbd+grasp-part,grasp_part,grasp-part,n0,0mm/0deg,0.0,0.0,round_table,leg-top-pick,pick,36,28,0.7777777777777778,1.8442215243503188,23.128909504012803,6.470003425152879,8,True,saved_rollouts_8,8,
rgbd+grasp-part,grasp_part,grasp-part,shuffle,shuffled-guidance,0.0,0.0,round_table,leg-top-pick,pick,36,31,0.8611111111111112,23.095986424086913,55.922693699424464,34.2805251639718,36,False,full_evaluator_36_pre_workspace_filter,36,workspace filtering unavailable
rgbd+grasp-part,grasp_part,grasp-part,n0,0mm/0deg,0.0,0.0,round_table,leg-top-place,place,28,22,0.7857142857142857,1.3129807728873806,18.189513309570867,4.950883434801553,7,True,saved_rollouts_8,8,
rgbd+grasp-part,grasp_part,grasp-part,shuffle,shuffled-guidance,0.0,0.0,round_table,leg-top-place,place,31,26,0.8387096774193549,3.8034077811607307,41.53994847881378,12.111397476923484,31,False,full_evaluator_36_pre_workspace_filter,36,workspace filtering unavailable
rgbd+grasp-part,grasp_part,grasp-part,n0,0mm/0deg,0.0,0.0,round_table,leg-top-screw,screw,22,18,0.8181818181818182,2.416526035041569,33.422039979676974,9.100934030976966,6,True,saved_rollouts_8,8,
rgbd+grasp-part,grasp_part,grasp-part,shuffle,shuffled-guidance,0.0,0.0,round_table,leg-top-screw,screw,24,20,0.8333333333333334,4.877825683346075,41.53902229244483,13.185630141835041,24,False,full_evaluator_36_pre_workspace_filter,36,workspace filtering unavailable
rgbd+grasp-part,grasp_part,grasp-part,n0,0mm/0deg,0.0,0.0,round_table,top-leg-push,push,36,36,1.0,7.326270696107424,61.89311545739443,19.704893787586307,8,True,saved_rollouts_8,8,
rgbd+grasp-part,grasp_part,grasp-part,shuffle,shuffled-guidance,0.0,0.0,round_table,top-leg-push,push,36,36,1.0,11.673430676806802,46.61865965915101,20.997162608637,36,False,full_evaluator_36_pre_workspace_filter,36,workspace filtering unavailable
rgbd+grasp-part,grasp_part,grasp-part,n0,0mm/0deg,0.0,0.0,lamp,base-bulb-push,push,36,35,0.9722222222222222,6.9166285854049905,73.34615248661495,21.58585908272798,8,True,saved_rollouts_8,8,
rgbd+grasp-part,grasp_part,grasp-part,shuffle,shuffled-guidance,0.0,0.0,lamp,base-bulb-push,push,36,36,1.0,13.173035773459713,50.052889652691874,23.183613703998088,36,False,full_evaluator_36_pre_workspace_filter,36,workspace filtering unavailable
rgbd+grasp-part,grasp_part,grasp-part,n0,0mm/0deg,0.0,0.0,lamp,bulb-base-insert,insert,22,22,1.0,1.3527961415242906,25.985896505104883,6.549975442545266,5,True,saved_rollouts_8,8,
rgbd+grasp-part,grasp_part,grasp-part,shuffle,shuffled-guidance,0.0,0.0,lamp,bulb-base-insert,insert,17,17,1.0,11.573951645059495,97.69561058796542,31.113073762652583,17,False,full_evaluator_36_pre_workspace_filter,36,workspace filtering unavailable
rgbd+grasp-part,grasp_part,grasp-part,n0,0mm/0deg,0.0,0.0,lamp,bulb-base-pick,pick,35,34,0.9714285714285714,2.0414488007878373,15.732907714923968,5.18803034377263,8,True,saved_rollouts_8,8,
rgbd+grasp-part,grasp_part,grasp-part,shuffle,shuffled-guidance,0.0,0.0,lamp,bulb-base-pick,pick,36,32,0.8888888888888888,16.186074606297403,48.12067891437604,25.81021038917261,36,False,full_evaluator_36_pre_workspace_filter,36,workspace filtering unavailable
rgbd+grasp-part,grasp_part,grasp-part,n0,0mm/0deg,0.0,0.0,lamp,bulb-base-place,place,34,22,0.6470588235294118,3.3248770023482375,45.28874075583231,12.382625153514699,8,True,saved_rollouts_8,8,
rgbd+grasp-part,grasp_part,grasp-part,shuffle,shuffled-guidance,0.0,0.0,lamp,bulb-base-place,place,32,17,0.53125,6.372924123733198,25.69984079415694,11.512892282564586,32,False,full_evaluator_36_pre_workspace_filter,36,workspace filtering unavailable
rgbd+grasp-part,grasp_part,grasp-part,n0,0mm/0deg,0.0,0.0,lamp,bulb-base-screw,screw,22,18,0.8181818181818182,9.269637865516863,23.80778981589955,14.031195828696772,3,True,saved_rollouts_8,8,
rgbd+grasp-part,grasp_part,grasp-part,shuffle,shuffled-guidance,0.0,0.0,lamp,bulb-base-screw,screw,17,16,0.9411764705882353,26.758800271866612,83.82187712082337,43.52317569603128,17,False,full_evaluator_36_pre_workspace_filter,36,workspace filtering unavailable
rgbd+grasp-part,grasp_part,grasp-part,n0,0mm/0deg,0.0,0.0,lamp,hood-base-pick,pick,9,9,1.0,8.314593059449816,52.13789140440937,18.74217134033169,1,True,saved_rollouts_8,8,
rgbd+grasp-part,grasp_part,grasp-part,shuffle,shuffled-guidance,0.0,0.0,lamp,hood-base-pick,pick,10,9,0.9,17.791320900516844,57.47147323685881,29.285615547888607,10,False,full_evaluator_36_pre_workspace_filter,36,workspace filtering unavailable
rgbd+grasp-part,grasp_part,grasp-part,n0,0mm/0deg,0.0,0.0,lamp,hood-base-place,place,9,8,0.8888888888888888,17.878953507761803,146.0852670126065,47.0960069102831,1,True,saved_rollouts_8,8,
rgbd+grasp-part,grasp_part,grasp-part,shuffle,shuffled-guidance,0.0,0.0,lamp,hood-base-place,place,9,9,1.0,55.133661176397666,23.54715668270049,59.84309251293775,9,False,full_evaluator_36_pre_workspace_filter,36,workspace filtering unavailable
rgbd+grasp-part,grasp_part,grasp-part,n1,3mm/2.5deg,3.0,2.5,one_leg,leg-top-insert,insert,34,34,1.0,0.8251322396299015,7.277819837890672,2.280696207208036,8,True,saved_rollouts_8,8,
rgbd+grasp-part,grasp_part,grasp-part,n1,3mm/2.5deg,3.0,2.5,one_leg,leg-top-pick,pick,34,34,1.0,1.3065770484548747,13.886726455563554,4.083922339567586,8,True,saved_rollouts_8,8,
rgbd+grasp-part,grasp_part,grasp-part,n1,3mm/2.5deg,3.0,2.5,one_leg,leg-top-place,place,34,34,1.0,1.1814605922515324,10.006274327645418,3.182715457780616,8,True,saved_rollouts_8,8,
rgbd+grasp-part,grasp_part,grasp-part,n1,3mm/2.5deg,3.0,2.5,one_leg,leg-top-screw,screw,34,34,1.0,1.5439293061997206,20.741033640420994,5.692136034283919,3,True,saved_rollouts_8,8,
rgbd+grasp-part,grasp_part,grasp-part,n1,3mm/2.5deg,3.0,2.5,one_leg,top-leg-pick,pick,36,36,1.0,2.1246673607868463,15.804770525940889,5.285621465975025,8,True,saved_rollouts_8,8,
rgbd+grasp-part,grasp_part,grasp-part,n1,3mm/2.5deg,3.0,2.5,one_leg,top-leg-push,push,36,34,0.9444444444444444,3.2896165478243136,11.885801308440591,5.666776809512431,8,True,saved_rollouts_8,8,
rgbd+grasp-part,grasp_part,grasp-part,n1,3mm/2.5deg,3.0,2.5,round_table,base-leg-insert,insert,17,15,0.8823529411764706,2.315578891103349,7.2465978142175125,3.7648984539468513,4,True,saved_rollouts_8,8,
rgbd+grasp-part,grasp_part,grasp-part,n1,3mm/2.5deg,3.0,2.5,round_table,base-leg-pick,pick,20,20,1.0,6.035128418988718,10.296178747383534,8.094364168465425,5,True,saved_rollouts_8,8,
rgbd+grasp-part,grasp_part,grasp-part,n1,3mm/2.5deg,3.0,2.5,round_table,base-leg-place,place,20,17,0.85,4.040241673939399,23.3141963864114,8.70308095122168,5,True,saved_rollouts_8,8,
rgbd+grasp-part,grasp_part,grasp-part,n1,3mm/2.5deg,3.0,2.5,round_table,base-leg-screw,screw,15,12,0.8,,,,0,True,saved_rollouts_8,8,
rgbd+grasp-part,grasp_part,grasp-part,n1,3mm/2.5deg,3.0,2.5,round_table,leg-top-insert,insert,24,24,1.0,0.851278971160924,8.06916744371112,2.465112459903148,5,True,saved_rollouts_8,8,
rgbd+grasp-part,grasp_part,grasp-part,n1,3mm/2.5deg,3.0,2.5,round_table,leg-top-pick,pick,36,30,0.8333333333333334,4.909366854959753,47.058055862797666,14.320978027519287,8,True,saved_rollouts_8,8,
rgbd+grasp-part,grasp_part,grasp-part,n1,3mm/2.5deg,3.0,2.5,round_table,leg-top-place,place,30,24,0.8,1.4747352121789958,10.20913566227094,3.5165623446331837,5,True,saved_rollouts_8,8,
rgbd+grasp-part,grasp_part,grasp-part,n1,3mm/2.5deg,3.0,2.5,round_table,leg-top-screw,screw,24,20,0.8333333333333334,2.8026923698221218,29.495423575792852,8.70177708498069,5,True,saved_rollouts_8,8,
rgbd+grasp-part,grasp_part,grasp-part,n1,3mm/2.5deg,3.0,2.5,round_table,top-leg-push,push,36,36,1.0,6.833717100553881,60.82197103272068,18.998111307098018,7,True,saved_rollouts_8,8,
rgbd+grasp-part,grasp_part,grasp-part,n1,3mm/2.5deg,3.0,2.5,lamp,base-bulb-push,push,36,36,1.0,7.404299499076236,74.64991288062129,22.33428207520049,8,True,saved_rollouts_8,8,
rgbd+grasp-part,grasp_part,grasp-part,n1,3mm/2.5deg,3.0,2.5,lamp,bulb-base-insert,insert,18,18,1.0,1.2917339741831675,25.862366210106348,6.4642072162044375,5,True,saved_rollouts_8,8,
rgbd+grasp-part,grasp_part,grasp-part,n1,3mm/2.5deg,3.0,2.5,lamp,bulb-base-pick,pick,36,32,0.8888888888888888,1.7493555890414034,12.491619650862734,4.247679519213951,8,True,saved_rollouts_8,8,
rgbd+grasp-part,grasp_part,grasp-part,n1,3mm/2.5deg,3.0,2.5,lamp,bulb-base-place,place,32,18,0.5625,3.8980330977471076,51.38350337634424,14.174733773015955,8,True,saved_rollouts_8,8,
rgbd+grasp-part,grasp_part,grasp-part,n1,3mm/2.5deg,3.0,2.5,lamp,bulb-base-screw,screw,18,15,0.8333333333333334,10.04737610634896,38.1278713523656,17.67295037682208,2,True,saved_rollouts_8,8,
rgbd+grasp-part,grasp_part,grasp-part,n1,3mm/2.5deg,3.0,2.5,lamp,hood-base-pick,pick,8,8,1.0,3.420913045185059,22.08039486512037,7.836992018209132,1,True,saved_rollouts_8,8,
rgbd+grasp-part,grasp_part,grasp-part,n1,3mm/2.5deg,3.0,2.5,lamp,hood-base-place,place,8,8,1.0,,,,0,True,saved_rollouts_8,8,
rgbd+grasp-part,grasp_part,grasp-part,n2,6mm/5deg,6.0,5.0,one_leg,leg-top-insert,insert,30,29,0.9666666666666667,1.2257193012155392,10.422960574558033,3.310311416127146,7,True,saved_rollouts_8,8,
rgbd+grasp-part,grasp_part,grasp-part,n2,6mm/5deg,6.0,5.0,one_leg,leg-top-pick,pick,31,31,1.0,1.4643360630010858,13.151756943215828,4.09468745164425,7,True,saved_rollouts_8,8,
rgbd+grasp-part,grasp_part,grasp-part,n2,6mm/5deg,6.0,5.0,one_leg,leg-top-place,place,31,30,0.967741935483871,1.599755420932613,11.862532002623741,3.9722618214573617,7,True,saved_rollouts_8,8,
rgbd+grasp-part,grasp_part,grasp-part,n2,6mm/5deg,6.0,5.0,one_leg,leg-top-screw,screw,29,29,1.0,2.489092076211091,50.53624783897149,12.596341644005388,1,True,saved_rollouts_8,8,
rgbd+grasp-part,grasp_part,grasp-part,n2,6mm/5deg,6.0,5.0,one_leg,top-leg-pick,pick,36,36,1.0,2.8683244603067575,21.975080226763318,7.263340505659421,8,True,saved_rollouts_8,8,
rgbd+grasp-part,grasp_part,grasp-part,n2,6mm/5deg,6.0,5.0,one_leg,top-leg-push,push,36,31,0.8611111111111112,5.275533562783017,25.07049793781154,10.289633150345324,8,True,saved_rollouts_8,8,
rgbd+grasp-part,grasp_part,grasp-part,n2,6mm/5deg,6.0,5.0,round_table,base-leg-insert,insert,17,17,1.0,3.1501010893089583,10.872435624245494,5.324588214158057,5,True,saved_rollouts_8,8,
rgbd+grasp-part,grasp_part,grasp-part,n2,6mm/5deg,6.0,5.0,round_table,base-leg-pick,pick,20,20,1.0,1.5659216672542886,18.643089026583848,5.294539472571058,8,True,saved_rollouts_8,8,
rgbd+grasp-part,grasp_part,grasp-part,n2,6mm/5deg,6.0,5.0,round_table,base-leg-place,place,20,17,0.85,3.107941463848693,10.843282229085151,5.276597909665723,8,True,saved_rollouts_8,8,
rgbd+grasp-part,grasp_part,grasp-part,n2,6mm/5deg,6.0,5.0,round_table,base-leg-screw,screw,17,14,0.8235294117647058,,,,0,True,saved_rollouts_8,8,
rgbd+grasp-part,grasp_part,grasp-part,n2,6mm/5deg,6.0,5.0,round_table,leg-top-insert,insert,26,26,1.0,1.177434611890469,12.740116629485115,3.725457937787492,8,True,saved_rollouts_8,8,
rgbd+grasp-part,grasp_part,grasp-part,n2,6mm/5deg,6.0,5.0,round_table,leg-top-pick,pick,34,32,0.9411764705882353,2.1979074878846894,20.94460763331216,6.386829014547121,8,True,saved_rollouts_8,8,
rgbd+grasp-part,grasp_part,grasp-part,n2,6mm/5deg,6.0,5.0,round_table,leg-top-place,place,32,26,0.8125,1.2638442713724136,8.519634247451597,2.967771120862733,8,True,saved_rollouts_8,8,
rgbd+grasp-part,grasp_part,grasp-part,n2,6mm/5deg,6.0,5.0,round_table,leg-top-screw,screw,26,21,0.8076923076923077,2.5385039373247724,32.612414108340275,9.060986758992826,8,True,saved_rollouts_8,8,
rgbd+grasp-part,grasp_part,grasp-part,n2,6mm/5deg,6.0,5.0,round_table,top-leg-push,push,36,34,0.9444444444444444,7.37417747887447,58.05435233425203,18.98504794572488,5,True,saved_rollouts_8,8,
rgbd+grasp-part,grasp_part,grasp-part,n2,6mm/5deg,6.0,5.0,lamp,base-bulb-push,push,36,35,0.9722222222222222,8.754806083492635,69.59304702156004,22.673415487804643,8,True,saved_rollouts_8,8,
rgbd+grasp-part,grasp_part,grasp-part,n2,6mm/5deg,6.0,5.0,lamp,bulb-base-insert,insert,24,24,1.0,1.8644764179825941,40.993823675989496,10.063241153180488,7,True,saved_rollouts_8,8,
rgbd+grasp-part,grasp_part,grasp-part,n2,6mm/5deg,6.0,5.0,lamp,bulb-base-pick,pick,35,35,1.0,2.348070638647761,23.85919976522524,7.1199105916928085,7,True,saved_rollouts_8,8,
rgbd+grasp-part,grasp_part,grasp-part,n2,6mm/5deg,6.0,5.0,lamp,bulb-base-place,place,35,24,0.6857142857142857,2.231153329741756,43.64466726314664,10.960086782371084,7,True,saved_rollouts_8,8,
rgbd+grasp-part,grasp_part,grasp-part,n2,6mm/5deg,6.0,5.0,lamp,bulb-base-screw,screw,24,17,0.7083333333333334,5.696264819875419,18.964408521602596,9.48914652419594,7,True,saved_rollouts_8,8,
rgbd+grasp-part,grasp_part,grasp-part,n2,6mm/5deg,6.0,5.0,lamp,hood-base-pick,pick,15,15,1.0,7.42392489534046,19.84929821485205,11.39378453831087,5,True,saved_rollouts_8,8,
rgbd+grasp-part,grasp_part,grasp-part,n2,6mm/5deg,6.0,5.0,lamp,hood-base-place,place,15,14,0.9333333333333333,,,,0,True,saved_rollouts_8,8,
rgbd+grasp-part,grasp_part,grasp-part,n3,12mm/10deg,12.0,10.0,one_leg,leg-top-insert,insert,32,32,1.0,1.5824671145489937,16.84065812775125,4.950598740099243,6,True,saved_rollouts_8,8,
rgbd+grasp-part,grasp_part,grasp-part,n3,12mm/10deg,12.0,10.0,one_leg,leg-top-pick,pick,33,33,1.0,7.58855993913121,16.07372362710639,10.803304664552488,7,True,saved_rollouts_8,8,
rgbd+grasp-part,grasp_part,grasp-part,n3,12mm/10deg,12.0,10.0,one_leg,leg-top-place,place,33,32,0.9696969696969697,2.117336856464507,16.696931502058703,5.456723156876248,7,True,saved_rollouts_8,8,
rgbd+grasp-part,grasp_part,grasp-part,n3,12mm/10deg,12.0,10.0,one_leg,leg-top-screw,screw,32,32,1.0,3.8273132653186237,20.664379431724004,7.960189151663425,1,True,saved_rollouts_8,8,
rgbd+grasp-part,grasp_part,grasp-part,n3,12mm/10deg,12.0,10.0,one_leg,top-leg-pick,pick,36,36,1.0,2.587976095082185,20.98694723243123,6.785365541568432,7,True,saved_rollouts_8,8,
rgbd+grasp-part,grasp_part,grasp-part,n3,12mm/10deg,12.0,10.0,one_leg,top-leg-push,push,36,33,0.9166666666666666,5.33592976793119,32.860797843713186,11.908089336673827,7,True,saved_rollouts_8,8,
rgbd+grasp-part,grasp_part,grasp-part,n3,12mm/10deg,12.0,10.0,round_table,base-leg-insert,insert,26,24,0.9230769230769231,4.180701156027776,17.889853284531046,7.758671812933985,4,True,saved_rollouts_8,8,
rgbd+grasp-part,grasp_part,grasp-part,n3,12mm/10deg,12.0,10.0,round_table,base-leg-pick,pick,28,27,0.9642857142857143,3.5581358277355264,30.58130230916559,9.674396289568644,6,True,saved_rollouts_8,8,
rgbd+grasp-part,grasp_part,grasp-part,n3,12mm/10deg,12.0,10.0,round_table,base-leg-place,place,27,26,0.9629629629629629,4.239544101858286,43.53481931629817,12.94650796511792,5,True,saved_rollouts_8,8,
rgbd+grasp-part,grasp_part,grasp-part,n3,12mm/10deg,12.0,10.0,round_table,base-leg-screw,screw,24,21,0.875,2.5081580053848884,28.20486782992633,8.149131571370154,1,True,saved_rollouts_8,8,
rgbd+grasp-part,grasp_part,grasp-part,n3,12mm/10deg,12.0,10.0,round_table,leg-top-insert,insert,33,33,1.0,1.7594161235743238,15.555467365717902,4.870509596717904,6,True,saved_rollouts_8,8,
rgbd+grasp-part,grasp_part,grasp-part,n3,12mm/10deg,12.0,10.0,round_table,leg-top-pick,pick,36,35,0.9722222222222222,4.452594704769984,29.384499756943107,10.329494656158607,8,True,saved_rollouts_8,8,
rgbd+grasp-part,grasp_part,grasp-part,n3,12mm/10deg,12.0,10.0,round_table,leg-top-place,place,35,33,0.9428571428571428,2.2484142958318643,15.495661118837289,5.347546519599322,7,True,saved_rollouts_8,8,
rgbd+grasp-part,grasp_part,grasp-part,n3,12mm/10deg,12.0,10.0,round_table,leg-top-screw,screw,33,28,0.8484848484848485,3.3688281306864556,60.397239140111964,15.448275958708846,6,True,saved_rollouts_8,8,
rgbd+grasp-part,grasp_part,grasp-part,n3,12mm/10deg,12.0,10.0,round_table,top-leg-push,push,36,36,1.0,7.183991822661359,60.37777054316014,19.259545931293385,5,True,saved_rollouts_8,8,
rgbd+grasp-part,grasp_part,grasp-part,n3,12mm/10deg,12.0,10.0,lamp,base-bulb-push,push,36,36,1.0,7.401555537280231,68.80160816001998,21.161877169284228,7,True,saved_rollouts_8,8,
rgbd+grasp-part,grasp_part,grasp-part,n3,12mm/10deg,12.0,10.0,lamp,bulb-base-insert,insert,15,15,1.0,1.6795383422951462,35.37020939598442,8.75358022149203,4,True,saved_rollouts_8,8,
rgbd+grasp-part,grasp_part,grasp-part,n3,12mm/10deg,12.0,10.0,lamp,bulb-base-pick,pick,36,34,0.9444444444444444,7.136326176628334,26.879334621374646,12.512193100903263,8,True,saved_rollouts_8,8,
rgbd+grasp-part,grasp_part,grasp-part,n3,12mm/10deg,12.0,10.0,lamp,bulb-base-place,place,34,15,0.4411764705882353,7.021346898459359,86.77154162205052,24.37565522286946,7,True,saved_rollouts_8,8,
rgbd+grasp-part,grasp_part,grasp-part,n3,12mm/10deg,12.0,10.0,lamp,bulb-base-screw,screw,15,12,0.8,4.084522879107784,11.682999666014004,6.421122812310585,2,True,saved_rollouts_8,8,
rgbd+grasp-part,grasp_part,grasp-part,n3,12mm/10deg,12.0,10.0,lamp,hood-base-pick,pick,6,6,1.0,4.083033475352144,24.120473706088053,8.907128216569754,1,True,saved_rollouts_8,8,
rgbd+grasp-part,grasp_part,grasp-part,n3,12mm/10deg,12.0,10.0,lamp,hood-base-place,place,5,5,1.0,,,,0,True,saved_rollouts_8,8,
rgbd+grasp-part,grasp_part,grasp-part,n4,24mm/20deg,24.0,20.0,one_leg,leg-top-insert,insert,31,30,0.967741935483871,3.78677940829773,37.37440195441967,11.261659799181663,8,True,saved_rollouts_8,8,
rgbd+grasp-part,grasp_part,grasp-part,n4,24mm/20deg,24.0,20.0,one_leg,leg-top-pick,pick,34,34,1.0,4.084731984566201,22.617003339853902,8.60813265253698,4,True,saved_rollouts_8,8,
rgbd+grasp-part,grasp_part,grasp-part,n4,24mm/20deg,24.0,20.0,one_leg,leg-top-place,place,34,31,0.9117647058823529,3.491233009192455,34.59711239899673,10.4106554889918,8,True,saved_rollouts_8,8,
rgbd+grasp-part,grasp_part,grasp-part,n4,24mm/20deg,24.0,20.0,one_leg,leg-top-screw,screw,30,30,1.0,6.05038058120972,18.976522038732025,9.845684988956124,1,True,saved_rollouts_8,8,
rgbd+grasp-part,grasp_part,grasp-part,n4,24mm/20deg,24.0,20.0,one_leg,top-leg-pick,pick,36,36,1.0,4.3643245916193685,35.30347004180812,11.42501859998099,7,True,saved_rollouts_8,8,
rgbd+grasp-part,grasp_part,grasp-part,n4,24mm/20deg,24.0,20.0,one_leg,top-leg-push,push,36,34,0.9444444444444444,5.678977303202714,37.12113469500391,13.103204242203494,7,True,saved_rollouts_8,8,
rgbd+grasp-part,grasp_part,grasp-part,n4,24mm/20deg,24.0,20.0,round_table,base-leg-insert,insert,21,21,1.0,4.734632673620083,25.526040683596097,9.839840810339302,3,True,saved_rollouts_8,8,
rgbd+grasp-part,grasp_part,grasp-part,n4,24mm/20deg,24.0,20.0,round_table,base-leg-pick,pick,22,20,0.9090909090909091,3.287140537787075,25.309806209276864,8.349101779642448,5,True,saved_rollouts_8,8,
rgbd+grasp-part,grasp_part,grasp-part,n4,24mm/20deg,24.0,20.0,round_table,base-leg-place,place,20,20,1.0,4.91270519809161,41.58718160573664,13.230141519238936,5,True,saved_rollouts_8,8,
rgbd+grasp-part,grasp_part,grasp-part,n4,24mm/20deg,24.0,20.0,round_table,base-leg-screw,screw,21,19,0.9047619047619048,,,,0,True,saved_rollouts_8,8,
rgbd+grasp-part,grasp_part,grasp-part,n4,24mm/20deg,24.0,20.0,round_table,leg-top-insert,insert,28,28,1.0,3.0754042131564674,38.702947253884375,10.815993663933343,5,True,saved_rollouts_8,8,
rgbd+grasp-part,grasp_part,grasp-part,n4,24mm/20deg,24.0,20.0,round_table,leg-top-pick,pick,36,33,0.9166666666666666,4.981713776480771,58.46086217919472,16.673886212319715,8,True,saved_rollouts_8,8,
rgbd+grasp-part,grasp_part,grasp-part,n4,24mm/20deg,24.0,20.0,round_table,leg-top-place,place,33,28,0.8484848484848485,4.074848080246661,35.90728401736429,11.25630488371952,7,True,saved_rollouts_8,8,
rgbd+grasp-part,grasp_part,grasp-part,n4,24mm/20deg,24.0,20.0,round_table,leg-top-screw,screw,28,23,0.8214285714285714,4.978340811494646,37.993871154445785,12.577115042383802,5,True,saved_rollouts_8,8,
rgbd+grasp-part,grasp_part,grasp-part,n4,24mm/20deg,24.0,20.0,round_table,top-leg-push,push,36,36,1.0,8.217769129535824,48.6695688045329,17.951682890442402,3,True,saved_rollouts_8,8,
rgbd+grasp-part,grasp_part,grasp-part,n4,24mm/20deg,24.0,20.0,lamp,base-bulb-push,push,36,35,0.9722222222222222,7.139426384865607,81.43032724511431,23.42549183388847,7,True,saved_rollouts_8,8,
rgbd+grasp-part,grasp_part,grasp-part,n4,24mm/20deg,24.0,20.0,lamp,bulb-base-insert,insert,18,18,1.0,5.699263566635823,53.28891506430081,16.357046579495986,2,True,saved_rollouts_8,8,
rgbd+grasp-part,grasp_part,grasp-part,n4,24mm/20deg,24.0,20.0,lamp,bulb-base-pick,pick,35,29,0.8285714285714286,11.152328309947459,46.48740527754566,20.449809365456588,8,True,saved_rollouts_8,8,
rgbd+grasp-part,grasp_part,grasp-part,n4,24mm/20deg,24.0,20.0,lamp,bulb-base-place,place,29,18,0.6206896551724138,7.935066596115556,75.35924494340149,23.006915584795852,6,True,saved_rollouts_8,8,
rgbd+grasp-part,grasp_part,grasp-part,n4,24mm/20deg,24.0,20.0,lamp,bulb-base-screw,screw,18,12,0.6666666666666666,8.724914409873668,23.980202259269504,13.520954861727567,1,True,saved_rollouts_8,8,
rgbd+grasp-part,grasp_part,grasp-part,n4,24mm/20deg,24.0,20.0,lamp,hood-base-pick,pick,7,7,1.0,,,,0,True,saved_rollouts_8,8,
rgbd+grasp-part,grasp_part,grasp-part,n4,24mm/20deg,24.0,20.0,lamp,hood-base-place,place,7,7,1.0,,,,0,True,saved_rollouts_8,8,
rgbd+grasp-part-colored,grasp_part_colored,grasp-part,n0,0mm/0deg,0.0,0.0,one_leg,leg-top-insert,insert,32,32,1.0,0.5249261242475629,5.322243554816159,1.5893748352107948,6,True,saved_rollouts_8,8,
rgbd+grasp-part-colored,grasp_part_colored,grasp-part,shuffle,shuffled-guidance,0.0,0.0,one_leg,leg-top-insert,insert,33,33,1.0,18.741451463331362,67.89518890809138,32.32048924494964,33,False,full_evaluator_36_pre_workspace_filter,36,workspace filtering unavailable
rgbd+grasp-part-colored,grasp_part_colored,grasp-part,n0,0mm/0deg,0.0,0.0,one_leg,leg-top-pick,pick,34,34,1.0,1.4413317347318215,12.649911844453387,3.971314103622499,7,True,saved_rollouts_8,8,
rgbd+grasp-part-colored,grasp_part_colored,grasp-part,shuffle,shuffled-guidance,0.0,0.0,one_leg,leg-top-pick,pick,35,35,1.0,22.692657473651387,100.62704904554708,42.81806728276081,35,False,full_evaluator_36_pre_workspace_filter,36,workspace filtering unavailable
rgbd+grasp-part-colored,grasp_part_colored,grasp-part,n0,0mm/0deg,0.0,0.0,one_leg,leg-top-place,place,34,32,0.9411764705882353,0.8759551699731869,10.400556554040644,2.956066480781316,7,True,saved_rollouts_8,8,
rgbd+grasp-part-colored,grasp_part_colored,grasp-part,shuffle,shuffled-guidance,0.0,0.0,one_leg,leg-top-place,place,35,33,0.9428571428571428,19.55254734774782,72.09869798744444,33.972286945236704,35,False,full_evaluator_36_pre_workspace_filter,36,workspace filtering unavailable
rgbd+grasp-part-colored,grasp_part_colored,grasp-part,n0,0mm/0deg,0.0,0.0,one_leg,leg-top-screw,screw,32,32,1.0,1.982095836988703,2.9173664548035023,2.5655691279494035,1,True,saved_rollouts_8,8,
rgbd+grasp-part-colored,grasp_part_colored,grasp-part,shuffle,shuffled-guidance,0.0,0.0,one_leg,leg-top-screw,screw,33,33,1.0,41.688038965228536,44.12090554437198,50.512220074102935,33,False,full_evaluator_36_pre_workspace_filter,36,workspace filtering unavailable
rgbd+grasp-part-colored,grasp_part_colored,grasp-part,n0,0mm/0deg,0.0,0.0,one_leg,top-leg-pick,pick,36,36,1.0,2.051593929857613,12.866024940617601,4.624798917981133,8,True,saved_rollouts_8,8,
rgbd+grasp-part-colored,grasp_part_colored,grasp-part,shuffle,shuffled-guidance,0.0,0.0,one_leg,top-leg-pick,pick,36,36,1.0,23.911466904415096,108.79019374722476,45.66950565386006,36,False,full_evaluator_36_pre_workspace_filter,36,workspace filtering unavailable
rgbd+grasp-part-colored,grasp_part_colored,grasp-part,n0,0mm/0deg,0.0,0.0,one_leg,top-leg-push,push,36,34,0.9444444444444444,5.07756083321501,21.483957913061552,9.374352415827321,8,True,saved_rollouts_8,8,
rgbd+grasp-part-colored,grasp_part_colored,grasp-part,shuffle,shuffled-guidance,0.0,0.0,one_leg,top-leg-push,push,36,35,0.9722222222222222,11.792144051777573,40.40155202433721,19.872454456645013,36,False,full_evaluator_36_pre_workspace_filter,36,workspace filtering unavailable
rgbd+grasp-part-colored,grasp_part_colored,grasp-part,n0,0mm/0deg,0.0,0.0,round_table,base-leg-insert,insert,13,13,1.0,2.8781242934952553,7.057023407269924,4.28952897494924,2,True,saved_rollouts_8,8,
rgbd+grasp-part-colored,grasp_part_colored,grasp-part,shuffle,shuffled-guidance,0.0,0.0,round_table,base-leg-insert,insert,19,18,0.9473684210526315,5.2300915673773885,38.413550340907,12.912801635558788,19,False,full_evaluator_36_pre_workspace_filter,36,workspace filtering unavailable
rgbd+grasp-part-colored,grasp_part_colored,grasp-part,n0,0mm/0deg,0.0,0.0,round_table,base-leg-pick,pick,18,15,0.8333333333333334,3.178378321927237,20.578526569489025,7.294083635825042,6,True,saved_rollouts_8,8,
rgbd+grasp-part-colored,grasp_part_colored,grasp-part,shuffle,shuffled-guidance,0.0,0.0,round_table,base-leg-pick,pick,23,20,0.8695652173913043,21.008236548483787,71.81123271192264,35.37048309086831,23,False,full_evaluator_36_pre_workspace_filter,36,workspace filtering unavailable
rgbd+grasp-part-colored,grasp_part_colored,grasp-part,n0,0mm/0deg,0.0,0.0,round_table,base-leg-place,place,15,13,0.8666666666666667,4.925199904613065,18.82274558147974,8.689749020909014,4,True,saved_rollouts_8,8,
rgbd+grasp-part-colored,grasp_part_colored,grasp-part,shuffle,shuffled-guidance,0.0,0.0,round_table,base-leg-place,place,20,19,0.95,4.528770739573103,50.938769749087356,14.716524689390573,20,False,full_evaluator_36_pre_workspace_filter,36,workspace filtering unavailable
rgbd+grasp-part-colored,grasp_part_colored,grasp-part,n0,0mm/0deg,0.0,0.0,round_table,base-leg-screw,screw,13,13,1.0,,,,0,True,saved_rollouts_8,8,
rgbd+grasp-part-colored,grasp_part_colored,grasp-part,shuffle,shuffled-guidance,0.0,0.0,round_table,base-leg-screw,screw,18,14,0.7777777777777778,31.393519142201754,77.73111387369018,46.93974191693979,18,False,full_evaluator_36_pre_workspace_filter,36,workspace filtering unavailable
rgbd+grasp-part-colored,grasp_part_colored,grasp-part,n0,0mm/0deg,0.0,0.0,round_table,leg-top-insert,insert,28,28,1.0,0.6887900283914992,12.436770918662967,3.176144212124093,7,True,saved_rollouts_8,8,
rgbd+grasp-part-colored,grasp_part_colored,grasp-part,shuffle,shuffled-guidance,0.0,0.0,round_table,leg-top-insert,insert,25,25,1.0,3.780749559651448,23.07532904274521,8.395815368200491,25,False,full_evaluator_36_pre_workspace_filter,36,workspace filtering unavailable
rgbd+grasp-part-colored,grasp_part_colored,grasp-part,n0,0mm/0deg,0.0,0.0,round_table,leg-top-pick,pick,36,34,0.9444444444444444,1.5165919950579874,32.13798579581937,7.944189154221859,8,True,saved_rollouts_8,8,
rgbd+grasp-part-colored,grasp_part_colored,grasp-part,shuffle,shuffled-guidance,0.0,0.0,round_table,leg-top-pick,pick,36,30,0.8333333333333334,23.866293895446233,60.28159719231937,35.92261333391011,36,False,full_evaluator_36_pre_workspace_filter,36,workspace filtering unavailable
rgbd+grasp-part-colored,grasp_part_colored,grasp-part,n0,0mm/0deg,0.0,0.0,round_table,leg-top-place,place,34,28,0.8235294117647058,1.906668987168645,34.03976197331406,8.714621381831456,8,True,saved_rollouts_8,8,
rgbd+grasp-part-colored,grasp_part_colored,grasp-part,shuffle,shuffled-guidance,0.0,0.0,round_table,leg-top-place,place,30,25,0.8333333333333334,3.061918759440255,41.56202690238917,11.374324139918087,30,False,full_evaluator_36_pre_workspace_filter,36,workspace filtering unavailable
rgbd+grasp-part-colored,grasp_part_colored,grasp-part,n0,0mm/0deg,0.0,0.0,round_table,leg-top-screw,screw,28,20,0.7142857142857143,2.470621217493622,21.53142727437864,6.77690667236935,7,True,saved_rollouts_8,8,
rgbd+grasp-part-colored,grasp_part_colored,grasp-part,shuffle,shuffled-guidance,0.0,0.0,round_table,leg-top-screw,screw,25,23,0.92,5.649005705852846,34.57564481722127,12.564134669297097,25,False,full_evaluator_36_pre_workspace_filter,36,workspace filtering unavailable
rgbd+grasp-part-colored,grasp_part_colored,grasp-part,n0,0mm/0deg,0.0,0.0,round_table,top-leg-push,push,36,36,1.0,7.153713933970838,68.8065382252897,20.915021579028778,8,True,saved_rollouts_8,8,
rgbd+grasp-part-colored,grasp_part_colored,grasp-part,shuffle,shuffled-guidance,0.0,0.0,round_table,top-leg-push,push,36,36,1.0,11.549307444951024,46.23237823096973,20.79578309114497,36,False,full_evaluator_36_pre_workspace_filter,36,workspace filtering unavailable
rgbd+grasp-part-colored,grasp_part_colored,grasp-part,n0,0mm/0deg,0.0,0.0,lamp,base-bulb-push,push,36,35,0.9722222222222222,7.625458849993602,73.7524428099531,22.375947411984217,8,True,saved_rollouts_8,8,
rgbd+grasp-part-colored,grasp_part_colored,grasp-part,shuffle,shuffled-guidance,0.0,0.0,lamp,base-bulb-push,push,36,36,1.0,13.202487108040122,52.59613193026249,23.72171349409261,36,False,full_evaluator_36_pre_workspace_filter,36,workspace filtering unavailable
rgbd+grasp-part-colored,grasp_part_colored,grasp-part,n0,0mm/0deg,0.0,0.0,lamp,bulb-base-insert,insert,17,17,1.0,1.6425415136209611,29.67924193669497,7.578389900959955,5,True,saved_rollouts_8,8,
rgbd+grasp-part-colored,grasp_part_colored,grasp-part,shuffle,shuffled-guidance,0.0,0.0,lamp,bulb-base-insert,insert,19,19,1.0,10.608465762732996,105.91710153758842,31.791886070250683,19,False,full_evaluator_36_pre_workspace_filter,36,workspace filtering unavailable
rgbd+grasp-part-colored,grasp_part_colored,grasp-part,n0,0mm/0deg,0.0,0.0,lamp,bulb-base-pick,pick,35,34,0.9714285714285714,1.9284470478116063,17.01238128793269,5.3309233053981435,8,True,saved_rollouts_8,8,
rgbd+grasp-part-colored,grasp_part_colored,grasp-part,shuffle,shuffled-guidance,0.0,0.0,lamp,bulb-base-pick,pick,36,34,0.9444444444444444,14.256936426503513,44.74266455952672,23.20546933840886,36,False,full_evaluator_36_pre_workspace_filter,36,workspace filtering unavailable
rgbd+grasp-part-colored,grasp_part_colored,grasp-part,n0,0mm/0deg,0.0,0.0,lamp,bulb-base-place,place,34,17,0.5,2.7785983875094553,41.87813171050383,11.154224729610222,8,True,saved_rollouts_8,8,
rgbd+grasp-part-colored,grasp_part_colored,grasp-part,shuffle,shuffled-guidance,0.0,0.0,lamp,bulb-base-place,place,34,19,0.5588235294117647,6.187266157181407,28.344006405758865,11.856067438333179,34,False,full_evaluator_36_pre_workspace_filter,36,workspace filtering unavailable
rgbd+grasp-part-colored,grasp_part_colored,grasp-part,n0,0mm/0deg,0.0,0.0,lamp,bulb-base-screw,screw,17,15,0.8823529411764706,9.476475746568783,27.50883162323926,14.978242071216634,4,True,saved_rollouts_8,8,
rgbd+grasp-part-colored,grasp_part_colored,grasp-part,shuffle,shuffled-guidance,0.0,0.0,lamp,bulb-base-screw,screw,19,17,0.8947368421052632,19.692407784895995,74.33312820991549,34.55903342687909,19,False,full_evaluator_36_pre_workspace_filter,36,workspace filtering unavailable
rgbd+grasp-part-colored,grasp_part_colored,grasp-part,n0,0mm/0deg,0.0,0.0,lamp,hood-base-pick,pick,13,12,0.9230769230769231,3.324227650798841,21.466448033885104,7.617517257575861,4,True,saved_rollouts_8,8,
rgbd+grasp-part-colored,grasp_part_colored,grasp-part,shuffle,shuffled-guidance,0.0,0.0,lamp,hood-base-pick,pick,14,14,1.0,14.685293742276809,63.62755777673921,27.41080529762465,14,False,full_evaluator_36_pre_workspace_filter,36,workspace filtering unavailable
rgbd+grasp-part-colored,grasp_part_colored,grasp-part,n0,0mm/0deg,0.0,0.0,lamp,hood-base-place,place,12,12,1.0,,,,0,True,saved_rollouts_8,8,
rgbd+grasp-part-colored,grasp_part_colored,grasp-part,shuffle,shuffled-guidance,0.0,0.0,lamp,hood-base-place,place,14,13,0.9285714285714286,48.98392732793163,42.85505320091367,57.55493796811437,14,False,full_evaluator_36_pre_workspace_filter,36,workspace filtering unavailable
rgbd+grasp-part-colored,grasp_part_colored,grasp-part,n1,3mm/2.5deg,3.0,2.5,one_leg,leg-top-insert,insert,30,30,1.0,0.7451444007233156,6.81565552436686,2.108275505596688,7,True,saved_rollouts_8,8,
rgbd+grasp-part-colored,grasp_part_colored,grasp-part,n1,3mm/2.5deg,3.0,2.5,one_leg,leg-top-pick,pick,36,35,0.9722222222222222,1.1404441914688546,21.812702545652442,5.502984700599343,8,True,saved_rollouts_8,8,
rgbd+grasp-part-colored,grasp_part_colored,grasp-part,n1,3mm/2.5deg,3.0,2.5,one_leg,leg-top-place,place,35,30,0.8571428571428571,1.5040887783363992,13.042284550681877,4.112545688472775,8,True,saved_rollouts_8,8,
rgbd+grasp-part-colored,grasp_part_colored,grasp-part,n1,3mm/2.5deg,3.0,2.5,one_leg,leg-top-screw,screw,30,30,1.0,2.3625608912590614,7.339565294787107,3.830473950216483,2,True,saved_rollouts_8,8,
rgbd+grasp-part-colored,grasp_part_colored,grasp-part,n1,3mm/2.5deg,3.0,2.5,one_leg,top-leg-pick,pick,36,36,1.0,1.9453082251152678,11.586301759887398,4.262568577092747,8,True,saved_rollouts_8,8,
rgbd+grasp-part-colored,grasp_part_colored,grasp-part,n1,3mm/2.5deg,3.0,2.5,one_leg,top-leg-push,push,36,36,1.0,4.559710224901305,20.721999954117603,8.704110215724825,8,True,saved_rollouts_8,8,
rgbd+grasp-part-colored,grasp_part_colored,grasp-part,n1,3mm/2.5deg,3.0,2.5,round_table,base-leg-insert,insert,19,19,1.0,1.903553871943096,9.028936179165918,3.7093411077762797,2,True,saved_rollouts_8,8,
rgbd+grasp-part-colored,grasp_part_colored,grasp-part,n1,3mm/2.5deg,3.0,2.5,round_table,base-leg-pick,pick,23,23,1.0,1.6218870437205501,23.071936779128617,6.236274399546274,6,True,saved_rollouts_8,8,
rgbd+grasp-part-colored,grasp_part_colored,grasp-part,n1,3mm/2.5deg,3.0,2.5,round_table,base-leg-place,place,23,19,0.8260869565217391,3.761947521852458,8.971736915264886,5.556294904905435,6,True,saved_rollouts_8,8,
rgbd+grasp-part-colored,grasp_part_colored,grasp-part,n1,3mm/2.5deg,3.0,2.5,round_table,base-leg-screw,screw,19,17,0.8947368421052632,,,,0,True,saved_rollouts_8,8,
rgbd+grasp-part-colored,grasp_part_colored,grasp-part,n1,3mm/2.5deg,3.0,2.5,round_table,leg-top-insert,insert,28,28,1.0,0.7551393974624481,5.668418756965348,1.8888231488555176,6,True,saved_rollouts_8,8,
rgbd+grasp-part-colored,grasp_part_colored,grasp-part,n1,3mm/2.5deg,3.0,2.5,round_table,leg-top-pick,pick,36,33,0.9166666666666666,2.020512576862961,20.430625894068758,6.106637755676712,8,True,saved_rollouts_8,8,
rgbd+grasp-part-colored,grasp_part_colored,grasp-part,n1,3mm/2.5deg,3.0,2.5,round_table,leg-top-place,place,33,28,0.8484848484848485,1.7422362415536519,17.34069215834954,5.21037467322356,8,True,saved_rollouts_8,8,
rgbd+grasp-part-colored,grasp_part_colored,grasp-part,n1,3mm/2.5deg,3.0,2.5,round_table,leg-top-screw,screw,28,23,0.8214285714285714,2.4544565294894585,49.73618901701412,12.401694332892284,6,True,saved_rollouts_8,8,
rgbd+grasp-part-colored,grasp_part_colored,grasp-part,n1,3mm/2.5deg,3.0,2.5,round_table,top-leg-push,push,36,36,1.0,6.994111881911009,65.79922878885297,20.153957639681607,7,True,saved_rollouts_8,8,
rgbd+grasp-part-colored,grasp_part_colored,grasp-part,n1,3mm/2.5deg,3.0,2.5,lamp,base-bulb-push,push,36,36,1.0,7.312658677762224,75.75606906280669,22.46387249032356,8,True,saved_rollouts_8,8,
rgbd+grasp-part-colored,grasp_part_colored,grasp-part,n1,3mm/2.5deg,3.0,2.5,lamp,bulb-base-insert,insert,24,24,1.0,1.6134614953300965,21.522226375616953,5.917906770453487,6,True,saved_rollouts_8,8,
rgbd+grasp-part-colored,grasp_part_colored,grasp-part,n1,3mm/2.5deg,3.0,2.5,lamp,bulb-base-pick,pick,36,36,1.0,2.100242291124749,13.923227868568663,4.884887864838481,8,True,saved_rollouts_8,8,
rgbd+grasp-part-colored,grasp_part_colored,grasp-part,n1,3mm/2.5deg,3.0,2.5,lamp,bulb-base-place,place,36,24,0.6666666666666666,3.771022788604234,45.12342567643234,12.795707923890701,8,True,saved_rollouts_8,8,
rgbd+grasp-part-colored,grasp_part_colored,grasp-part,n1,3mm/2.5deg,3.0,2.5,lamp,bulb-base-screw,screw,23,20,0.8695652173913043,2.954460294666335,35.869458023323446,10.128351899331024,4,True,saved_rollouts_8,8,
rgbd+grasp-part-colored,grasp_part_colored,grasp-part,n1,3mm/2.5deg,3.0,2.5,lamp,hood-base-pick,pick,11,11,1.0,3.3714842948598807,34.66185529504027,10.303855353867934,4,True,saved_rollouts_8,8,
rgbd+grasp-part-colored,grasp_part_colored,grasp-part,n1,3mm/2.5deg,3.0,2.5,lamp,hood-base-place,place,11,11,1.0,7.620882975446388,75.34545099107183,22.689973173660754,2,True,saved_rollouts_8,8,
rgbd+grasp-part-colored,grasp_part_colored,grasp-part,n2,6mm/5deg,6.0,5.0,one_leg,leg-top-insert,insert,34,31,0.9117647058823529,1.4717176635880818,10.789723387150833,3.6296623410182485,7,True,saved_rollouts_8,8,
rgbd+grasp-part-colored,grasp_part_colored,grasp-part,n2,6mm/5deg,6.0,5.0,one_leg,leg-top-pick,pick,35,35,1.0,1.459334209756146,13.481484385859131,4.155631086927971,7,True,saved_rollouts_8,8,
rgbd+grasp-part-colored,grasp_part_colored,grasp-part,n2,6mm/5deg,6.0,5.0,one_leg,leg-top-place,place,35,34,0.9714285714285714,1.6752588295346391,12.354232022251464,4.146105233984932,7,True,saved_rollouts_8,8,
rgbd+grasp-part-colored,grasp_part_colored,grasp-part,n2,6mm/5deg,6.0,5.0,one_leg,leg-top-screw,screw,31,31,1.0,2.5045096330750742,54.24220825173635,13.352951283422344,1,True,saved_rollouts_8,8,
rgbd+grasp-part-colored,grasp_part_colored,grasp-part,n2,6mm/5deg,6.0,5.0,one_leg,top-leg-pick,pick,36,36,1.0,3.010297933225406,17.32655585444149,6.475609104113705,8,True,saved_rollouts_8,8,
rgbd+grasp-part-colored,grasp_part_colored,grasp-part,n2,6mm/5deg,6.0,5.0,one_leg,top-leg-push,push,36,35,0.9722222222222222,5.2785847078244075,25.70889100712746,10.4203629092499,8,True,saved_rollouts_8,8,
rgbd+grasp-part-colored,grasp_part_colored,grasp-part,n2,6mm/5deg,6.0,5.0,round_table,base-leg-insert,insert,18,18,1.0,,,,0,True,saved_rollouts_8,8,
rgbd+grasp-part-colored,grasp_part_colored,grasp-part,n2,6mm/5deg,6.0,5.0,round_table,base-leg-pick,pick,20,18,0.9,2.717622204103903,37.516058259266345,10.220833855957173,4,True,saved_rollouts_8,8,
rgbd+grasp-part-colored,grasp_part_colored,grasp-part,n2,6mm/5deg,6.0,5.0,round_table,base-leg-place,place,18,18,1.0,2.9715479156440305,31.288651159026234,9.229278147449277,3,True,saved_rollouts_8,8,
rgbd+grasp-part-colored,grasp_part_colored,grasp-part,n2,6mm/5deg,6.0,5.0,round_table,base-leg-screw,screw,18,15,0.8333333333333334,,,,0,True,saved_rollouts_8,8,
rgbd+grasp-part-colored,grasp_part_colored,grasp-part,n2,6mm/5deg,6.0,5.0,round_table,leg-top-insert,insert,26,25,0.9615384615384616,1.1389098819250414,12.479897353971102,3.634889352719262,4,True,saved_rollouts_8,8,
rgbd+grasp-part-colored,grasp_part_colored,grasp-part,n2,6mm/5deg,6.0,5.0,round_table,leg-top-pick,pick,36,32,0.8888888888888888,3.571645861419049,51.08025361570388,13.787696584559825,8,True,saved_rollouts_8,8,
rgbd+grasp-part-colored,grasp_part_colored,grasp-part,n2,6mm/5deg,6.0,5.0,round_table,leg-top-place,place,32,26,0.8125,2.0560656595358773,28.567490931774042,7.769563845890686,6,True,saved_rollouts_8,8,
rgbd+grasp-part-colored,grasp_part_colored,grasp-part,n2,6mm/5deg,6.0,5.0,round_table,leg-top-screw,screw,25,20,0.8,3.405446140471481,41.02418407622193,11.610282955715865,4,True,saved_rollouts_8,8,
rgbd+grasp-part-colored,grasp_part_colored,grasp-part,n2,6mm/5deg,6.0,5.0,round_table,top-leg-push,push,36,36,1.0,7.059556197439629,68.25717925915954,20.710992049271532,5,True,saved_rollouts_8,8,
rgbd+grasp-part-colored,grasp_part_colored,grasp-part,n2,6mm/5deg,6.0,5.0,lamp,base-bulb-push,push,36,36,1.0,7.743680724435436,80.08670138982578,23.761021002400593,8,True,saved_rollouts_8,8,
rgbd+grasp-part-colored,grasp_part_colored,grasp-part,n2,6mm/5deg,6.0,5.0,lamp,bulb-base-insert,insert,21,21,1.0,1.671653776643315,75.28186298875039,16.728026374393394,4,True,saved_rollouts_8,8,
rgbd+grasp-part-colored,grasp_part_colored,grasp-part,n2,6mm/5deg,6.0,5.0,lamp,bulb-base-pick,pick,36,33,0.9166666666666666,5.173271276979501,14.824000890620729,8.138071455103647,8,True,saved_rollouts_8,8,
rgbd+grasp-part-colored,grasp_part_colored,grasp-part,n2,6mm/5deg,6.0,5.0,lamp,bulb-base-place,place,33,21,0.6363636363636364,4.5110740656507105,74.36706580654457,19.384487226959624,6,True,saved_rollouts_8,8,
rgbd+grasp-part-colored,grasp_part_colored,grasp-part,n2,6mm/5deg,6.0,5.0,lamp,bulb-base-screw,screw,21,21,1.0,9.257598879475708,61.66873901472894,21.59134668242149,3,True,saved_rollouts_8,8,
rgbd+grasp-part-colored,grasp_part_colored,grasp-part,n2,6mm/5deg,6.0,5.0,lamp,hood-base-pick,pick,15,13,0.8666666666666667,3.868401592814975,21.61671116625343,8.191743826065661,2,True,saved_rollouts_8,8,
rgbd+grasp-part-colored,grasp_part_colored,grasp-part,n2,6mm/5deg,6.0,5.0,lamp,hood-base-place,place,13,13,1.0,,,,0,True,saved_rollouts_8,8,
rgbd+grasp-part-colored,grasp_part_colored,grasp-part,n3,12mm/10deg,12.0,10.0,one_leg,leg-top-insert,insert,33,30,0.9090909090909091,2.446199698129343,14.506897036926032,5.347579105514549,7,True,saved_rollouts_8,8,
rgbd+grasp-part-colored,grasp_part_colored,grasp-part,n3,12mm/10deg,12.0,10.0,one_leg,leg-top-pick,pick,36,36,1.0,5.760024779365075,15.967172283966933,8.95345923615846,8,True,saved_rollouts_8,8,
rgbd+grasp-part-colored,grasp_part_colored,grasp-part,n3,12mm/10deg,12.0,10.0,one_leg,leg-top-place,place,36,33,0.9166666666666666,2.4251018902262937,17.147052935901627,5.85451247740662,8,True,saved_rollouts_8,8,
rgbd+grasp-part-colored,grasp_part_colored,grasp-part,n3,12mm/10deg,12.0,10.0,one_leg,leg-top-screw,screw,30,29,0.9666666666666667,,,,0,True,saved_rollouts_8,8,
rgbd+grasp-part-colored,grasp_part_colored,grasp-part,n3,12mm/10deg,12.0,10.0,one_leg,top-leg-pick,pick,36,36,1.0,2.540933344426515,24.057243099764328,7.35238196437938,7,True,saved_rollouts_8,8,
rgbd+grasp-part-colored,grasp_part_colored,grasp-part,n3,12mm/10deg,12.0,10.0,one_leg,top-leg-push,push,36,36,1.0,3.757047339411003,19.78146559763918,7.713340458938838,7,True,saved_rollouts_8,8,
rgbd+grasp-part-colored,grasp_part_colored,grasp-part,n3,12mm/10deg,12.0,10.0,round_table,base-leg-insert,insert,18,18,1.0,4.50911588433105,12.500201201170476,7.009156124565145,2,True,saved_rollouts_8,8,
rgbd+grasp-part-colored,grasp_part_colored,grasp-part,n3,12mm/10deg,12.0,10.0,round_table,base-leg-pick,pick,23,19,0.8260869565217391,3.62671543710704,45.16573405473879,12.659862248054797,5,True,saved_rollouts_8,8,
rgbd+grasp-part-colored,grasp_part_colored,grasp-part,n3,12mm/10deg,12.0,10.0,round_table,base-leg-place,place,19,18,0.9473684210526315,7.275202320409924,64.76471312825106,20.228144946060137,4,True,saved_rollouts_8,8,
rgbd+grasp-part-colored,grasp_part_colored,grasp-part,n3,12mm/10deg,12.0,10.0,round_table,base-leg-screw,screw,18,14,0.7777777777777778,2.784827025787796,19.480227408986575,6.680872507585111,2,True,saved_rollouts_8,8,
rgbd+grasp-part-colored,grasp_part_colored,grasp-part,n3,12mm/10deg,12.0,10.0,round_table,leg-top-insert,insert,26,26,1.0,1.3171894836209175,30.091480260735505,7.3354855357680195,5,True,saved_rollouts_8,8,
rgbd+grasp-part-colored,grasp_part_colored,grasp-part,n3,12mm/10deg,12.0,10.0,round_table,leg-top-pick,pick,36,33,0.9166666666666666,2.883306132374081,45.72595042241883,12.02849621685785,8,True,saved_rollouts_8,8,
rgbd+grasp-part-colored,grasp_part_colored,grasp-part,n3,12mm/10deg,12.0,10.0,round_table,leg-top-place,place,33,26,0.7878787878787878,2.77538628536495,30.547457351556226,8.884877755676195,8,True,saved_rollouts_8,8,
rgbd+grasp-part-colored,grasp_part_colored,grasp-part,n3,12mm/10deg,12.0,10.0,round_table,leg-top-screw,screw,26,23,0.8846153846153846,3.8487549256747613,38.43617441323626,11.535989808322011,5,True,saved_rollouts_8,8,
rgbd+grasp-part-colored,grasp_part_colored,grasp-part,n3,12mm/10deg,12.0,10.0,round_table,top-leg-push,push,36,36,1.0,7.524526705104533,63.540383399491944,20.232603385002925,5,True,saved_rollouts_8,8,
rgbd+grasp-part-colored,grasp_part_colored,grasp-part,n3,12mm/10deg,12.0,10.0,lamp,base-bulb-push,push,36,36,1.0,7.108155501236042,81.08466534068644,23.325088569373328,7,True,saved_rollouts_8,8,
rgbd+grasp-part-colored,grasp_part_colored,grasp-part,n3,12mm/10deg,12.0,10.0,lamp,bulb-base-insert,insert,12,12,1.0,1.4904538343017957,29.953415845882105,7.481137003478217,3,True,saved_rollouts_8,8,
rgbd+grasp-part-colored,grasp_part_colored,grasp-part,n3,12mm/10deg,12.0,10.0,lamp,bulb-base-pick,pick,36,35,0.9722222222222222,3.0841190253064132,26.002814668390258,8.284681958984464,8,True,saved_rollouts_8,8,
rgbd+grasp-part-colored,grasp_part_colored,grasp-part,n3,12mm/10deg,12.0,10.0,lamp,bulb-base-place,place,35,12,0.34285714285714286,5.498667490785654,62.577389339367,18.014145358659057,8,True,saved_rollouts_8,8,
rgbd+grasp-part-colored,grasp_part_colored,grasp-part,n3,12mm/10deg,12.0,10.0,lamp,bulb-base-screw,screw,12,11,0.9166666666666666,7.4534560553831035,31.769237629593004,13.807303581301705,3,True,saved_rollouts_8,8,
rgbd+grasp-part-colored,grasp_part_colored,grasp-part,n3,12mm/10deg,12.0,10.0,lamp,hood-base-pick,pick,7,7,1.0,4.269955452358118,30.60080759237088,10.390116970832292,3,True,saved_rollouts_8,8,
rgbd+grasp-part-colored,grasp_part_colored,grasp-part,n3,12mm/10deg,12.0,10.0,lamp,hood-base-place,place,7,7,1.0,,,,0,True,saved_rollouts_8,8,
rgbd+grasp-part-colored,grasp_part_colored,grasp-part,n4,24mm/20deg,24.0,20.0,one_leg,leg-top-insert,insert,35,35,1.0,3.204512566652994,28.109250682462545,8.826362703145502,7,True,saved_rollouts_8,8,
rgbd+grasp-part-colored,grasp_part_colored,grasp-part,n4,24mm/20deg,24.0,20.0,one_leg,leg-top-pick,pick,35,35,1.0,3.7077196268436703,41.33906942395066,11.975533511633802,4,True,saved_rollouts_8,8,
rgbd+grasp-part-colored,grasp_part_colored,grasp-part,n4,24mm/20deg,24.0,20.0,one_leg,leg-top-place,place,35,35,1.0,2.831532561067388,27.9899017732403,8.42951291571545,7,True,saved_rollouts_8,8,
rgbd+grasp-part-colored,grasp_part_colored,grasp-part,n4,24mm/20deg,24.0,20.0,one_leg,leg-top-screw,screw,34,33,0.9705882352941176,6.1253480163847795,29.976684937299183,12.120685003844615,2,True,saved_rollouts_8,8,
rgbd+grasp-part-colored,grasp_part_colored,grasp-part,n4,24mm/20deg,24.0,20.0,one_leg,top-leg-pick,pick,36,36,1.0,4.407048806170271,32.83818507119342,10.974685820408954,7,True,saved_rollouts_8,8,
rgbd+grasp-part-colored,grasp_part_colored,grasp-part,n4,24mm/20deg,24.0,20.0,one_leg,top-leg-push,push,36,35,0.9722222222222222,6.173998885143616,48.521116981685445,15.878222281480708,7,True,saved_rollouts_8,8,
rgbd+grasp-part-colored,grasp_part_colored,grasp-part,n4,24mm/20deg,24.0,20.0,round_table,base-leg-insert,insert,15,15,1.0,4.694034822638718,25.512243082559042,9.796483439150528,3,True,saved_rollouts_8,8,
rgbd+grasp-part-colored,grasp_part_colored,grasp-part,n4,24mm/20deg,24.0,20.0,round_table,base-leg-pick,pick,21,16,0.7619047619047619,3.5248124961282343,39.89598289743221,11.504009075614677,6,True,saved_rollouts_8,8,
rgbd+grasp-part-colored,grasp_part_colored,grasp-part,n4,24mm/20deg,24.0,20.0,round_table,base-leg-place,place,16,15,0.9375,4.418953411724764,46.721118393663836,13.76317709045753,4,True,saved_rollouts_8,8,
rgbd+grasp-part-colored,grasp_part_colored,grasp-part,n4,24mm/20deg,24.0,20.0,round_table,base-leg-screw,screw,15,13,0.8666666666666667,,,,0,True,saved_rollouts_8,8,
rgbd+grasp-part-colored,grasp_part_colored,grasp-part,n4,24mm/20deg,24.0,20.0,round_table,leg-top-insert,insert,26,26,1.0,3.3479449215880357,53.690461551005704,14.086037231789172,6,True,saved_rollouts_8,8,
rgbd+grasp-part-colored,grasp_part_colored,grasp-part,n4,24mm/20deg,24.0,20.0,round_table,leg-top-pick,pick,36,30,0.8333333333333334,5.61114920809528,54.65415715038857,16.541980638172998,7,True,saved_rollouts_8,8,
rgbd+grasp-part-colored,grasp_part_colored,grasp-part,n4,24mm/20deg,24.0,20.0,round_table,leg-top-place,place,30,26,0.8666666666666667,4.396866430074853,27.069517382977914,9.810769906670433,7,True,saved_rollouts_8,8,
rgbd+grasp-part-colored,grasp_part_colored,grasp-part,n4,24mm/20deg,24.0,20.0,round_table,leg-top-screw,screw,26,22,0.8461538461538461,5.8356494833481705,52.89038280533358,16.413726044414883,6,True,saved_rollouts_8,8,
rgbd+grasp-part-colored,grasp_part_colored,grasp-part,n4,24mm/20deg,24.0,20.0,round_table,top-leg-push,push,36,36,1.0,7.888591115023876,56.74868392692738,19.238327900409352,3,True,saved_rollouts_8,8,
rgbd+grasp-part-colored,grasp_part_colored,grasp-part,n4,24mm/20deg,24.0,20.0,lamp,base-bulb-push,push,36,36,1.0,7.538012598981263,84.92249307753114,24.522511214487498,7,True,saved_rollouts_8,8,
rgbd+grasp-part-colored,grasp_part_colored,grasp-part,n4,24mm/20deg,24.0,20.0,lamp,bulb-base-insert,insert,22,22,1.0,3.877830638893779,34.15920723140003,10.709672085173782,5,True,saved_rollouts_8,8,
rgbd+grasp-part-colored,grasp_part_colored,grasp-part,n4,24mm/20deg,24.0,20.0,lamp,bulb-base-pick,pick,36,34,0.9444444444444444,4.699299649833977,38.73235865598012,12.445771381030003,8,True,saved_rollouts_8,8,
rgbd+grasp-part-colored,grasp_part_colored,grasp-part,n4,24mm/20deg,24.0,20.0,lamp,bulb-base-place,place,34,22,0.6470588235294118,7.35571271575943,64.01123938622683,20.1579605930048,8,True,saved_rollouts_8,8,
rgbd+grasp-part-colored,grasp_part_colored,grasp-part,n4,24mm/20deg,24.0,20.0,lamp,bulb-base-screw,screw,22,21,0.9545454545454546,10.704908820576666,41.213182648040316,18.94754535018473,3,True,saved_rollouts_8,8,
rgbd+grasp-part-colored,grasp_part_colored,grasp-part,n4,24mm/20deg,24.0,20.0,lamp,hood-base-pick,pick,13,12,0.9230769230769231,4.3519279838071965,39.072400915971855,12.166408167001565,3,True,saved_rollouts_8,8,
rgbd+grasp-part-colored,grasp_part_colored,grasp-part,n4,24mm/20deg,24.0,20.0,lamp,hood-base-place,place,12,12,1.0,,,,0,True,saved_rollouts_8,8,
